{
  "playlists": [
    {
      "name": "on repeat",
      "lastModifiedDate": "2020-11-25",
      "items": [
        {
          "track": {
            "trackName": "Be Alright",
            "artistName": "Ariana Grande",
            "albumName": "Dangerous Woman"
          },
          "episode": null,
          "localTrack": null
        }
      ],
      "description": null,
      "numberOfFollowers": 0
    },
    {
      "name": "galau",
      "lastModifiedDate": "2020-10-16",
      "items": [
        {
          "track": {
            "trackName": "Takkan Kemana",
            "artistName": "TheOvertunes",
            "albumName": "Memory Lane"
          },
          "episode": null,
          "localTrack": null
        },
        {
          "track": {
            "trackName": "Before You Go",
            "artistName": "Lewis Capaldi",
            "albumName": "Before You Go"
          },
          "episode": null,
          "localTrack": null
        },
        {
          "track": {
            "trackName": "I Still Love You",
            "artistName": "TheOvertunes",
            "albumName": "Cek Toko Sebelah (Original Motion Picture Soundtrack)"
          },
          "episode": null,
          "localTrack": null
        },
        {
          "track": {
            "trackName": "Why",
            "artistName": "Shawn Mendes",
            "albumName": "Shawn Mendes"
          },
          "episode": null,
          "localTrack": null
        },
        {
          "track": {
            "trackName": "Location Unknown ◐ (feat. BEKA) - Brooklyn Session",
            "artistName": "HONNE",
            "albumName": "Love Me / Love Me Not (Sessions)"
          },
          "episode": null,
          "localTrack": null
        }
      ],
      "description": null,
      "numberOfFollowers": 0
    },
    {
      "name": "<3",
      "lastModifiedDate": "2020-11-19",
      "items": [
        {
          "track": {
            "trackName": "I Finally Found Someone (feat. Bryan Adams)",
            "artistName": "Barbra Streisand",
            "albumName": "The Mirror Has Two Faces - Music From The Motion Picture"
          },
          "episode": null,
          "localTrack": null
        },
        {
          "track": {
            "trackName": "Endless Love",
            "artistName": "Lionel Richie",
            "albumName": "Back To Front"
          },
          "episode": null,
          "localTrack": null
        },
        {
          "track": {
            "trackName": "My Destiny",
            "artistName": "Lionel Richie",
            "albumName": "Back To Front"
          },
          "episode": null,
          "localTrack": null
        },
        {
          "track": {
            "trackName": "All Night Long (All Night) - Single Version",
            "artistName": "Lionel Richie",
            "albumName": "Back To Front"
          },
          "episode": null,
          "localTrack": null
        },
        {
          "track": {
            "trackName": "Easy",
            "artistName": "Commodores",
            "albumName": "Back To Front"
          },
          "episode": null,
          "localTrack": null
        },
        {
          "track": {
            "trackName": "Say You, Say Me",
            "artistName": "Lionel Richie",
            "albumName": "Back To Front"
          },
          "episode": null,
          "localTrack": null
        },
        {
          "track": {
            "trackName": "Nothing's Gonna Change My Love for You",
            "artistName": "George Benson",
            "albumName": "20/20"
          },
          "episode": null,
          "localTrack": null
        },
        {
          "track": {
            "trackName": "When You Tell Me That You Love Me",
            "artistName": "Diana Ross",
            "albumName": "The Force Behind The Power"
          },
          "episode": null,
          "localTrack": null
        },
        {
          "track": {
            "trackName": "Miss You Like Crazy",
            "artistName": "Natalie Cole",
            "albumName": "Good To Be Back"
          },
          "episode": null,
          "localTrack": null
        },
        {
          "track": {
            "trackName": "Because You Loved Me (Theme from \"Up Close and Personal\")",
            "artistName": "Céline Dion",
            "albumName": "Falling into You"
          },
          "episode": null,
          "localTrack": null
        },
        {
          "track": {
            "trackName": "It's All Coming Back to Me Now",
            "artistName": "Céline Dion",
            "albumName": "Falling into You"
          },
          "episode": null,
          "localTrack": null
        },
        {
          "track": {
            "trackName": "Falling Into You",
            "artistName": "Céline Dion",
            "albumName": "Falling into You"
          },
          "episode": null,
          "localTrack": null
        },
        {
          "track": {
            "trackName": "All By Myself",
            "artistName": "Céline Dion",
            "albumName": "Falling into You"
          },
          "episode": null,
          "localTrack": null
        },
        {
          "track": {
            "trackName": "L-O-V-E",
            "artistName": "Nat King Cole",
            "albumName": "L-O-V-E"
          },
          "episode": null,
          "localTrack": null
        },
        {
          "track": {
            "trackName": "Unforgettable (Duet with Nat King Cole)",
            "artistName": "Natalie Cole",
            "albumName": "Unforgettable: With Love"
          },
          "episode": null,
          "localTrack": null
        },
        {
          "track": {
            "trackName": "When I Fall in Love",
            "artistName": "Michael Bublé",
            "albumName": "love"
          },
          "episode": null,
          "localTrack": null
        },
        {
          "track": {
            "trackName": "Make It with You",
            "artistName": "Bread",
            "albumName": "On the Waters"
          },
          "episode": null,
          "localTrack": null
        },
        {
          "track": {
            "trackName": "We Could Be in Love",
            "artistName": "Lea Salonga w/ Brad Kane",
            "albumName": "Lea Salonga"
          },
          "episode": null,
          "localTrack": null
        },
        {
          "track": {
            "trackName": "When She Loved Me - From \"Toy Story 2\" / Soundtrack Version",
            "artistName": "Sarah McLachlan",
            "albumName": "Toy Story Favorites"
          },
          "episode": null,
          "localTrack": null
        },
        {
          "track": {
            "trackName": "Somewhere Only We Know",
            "artistName": "Lily Allen",
            "albumName": "Somewhere Only We Know"
          },
          "episode": null,
          "localTrack": null
        },
        {
          "track": {
            "trackName": "Since I Found You",
            "artistName": "Christian Bautista",
            "albumName": "Completely"
          },
          "episode": null,
          "localTrack": null
        },
        {
          "track": {
            "trackName": "After All",
            "artistName": "Al Jarreau",
            "albumName": "High Crime"
          },
          "episode": null,
          "localTrack": null
        }
      ],
      "description": null,
      "numberOfFollowers": 0
    },
    {
      "name": "Kemenangan Hati – Dirly & Ghea",
      "lastModifiedDate": "2020-09-18",
      "items": [
        {
          "track": {
            "trackName": "Kemenangan Hati",
            "artistName": "Dirly & Ghea",
            "albumName": "Kemenangan Hati"
          },
          "episode": null,
          "localTrack": null
        }
      ],
      "description": null,
      "numberOfFollowers": 0
    },
    {
      "name": " ",
      "lastModifiedDate": "2020-11-26",
      "items": [
        {
          "track": {
            "trackName": "Jatuh Cinta",
            "artistName": "Tohpati",
            "albumName": "Forever"
          },
          "episode": null,
          "localTrack": null
        },
        {
          "track": {
            "trackName": "Carnival",
            "artistName": "Tohpati",
            "albumName": "Forever"
          },
          "episode": null,
          "localTrack": null
        },
        {
          "track": {
            "trackName": "Ingin Ku Miliki",
            "artistName": "Tohpati",
            "albumName": "Forever"
          },
          "episode": null,
          "localTrack": null
        },
        {
          "track": {
            "trackName": "Bahagia",
            "artistName": "Tohpati",
            "albumName": "Forever"
          },
          "episode": null,
          "localTrack": null
        },
        {
          "track": {
            "trackName": "Air Mata",
            "artistName": "Tohpati",
            "albumName": "Forever"
          },
          "episode": null,
          "localTrack": null
        },
        {
          "track": {
            "trackName": "Kahyangan",
            "artistName": "Tohpati",
            "albumName": "Forever"
          },
          "episode": null,
          "localTrack": null
        },
        {
          "track": {
            "trackName": "Forever",
            "artistName": "Tohpati",
            "albumName": "Forever"
          },
          "episode": null,
          "localTrack": null
        }
      ],
      "description": null,
      "numberOfFollowers": 0
    },
    {
      "name": "idolX",
      "lastModifiedDate": "2020-11-16",
      "items": [
        {
          "track": {
            "trackName": "Mengapa Kita #terlanjurmencinta",
            "artistName": "Lyodra",
            "albumName": "Mengapa Kita #terlanjurmencinta"
          },
          "episode": null,
          "localTrack": null
        },
        {
          "track": {
            "trackName": "Maafkan Aku #terlanjurmencinta",
            "artistName": "Tiara Andini",
            "albumName": "Maafkan Aku #terlanjurmencinta"
          },
          "episode": null,
          "localTrack": null
        },
        {
          "track": {
            "trackName": "Tak Sanggup Melupa #terlanjurmencinta",
            "artistName": "Ziva Magnolya",
            "albumName": "Tak Sanggup Melupa #terlanjurmencinta"
          },
          "episode": null,
          "localTrack": null
        },
        {
          "track": {
            "trackName": "Aku Yang Salah",
            "artistName": "Mahalini",
            "albumName": "Aku Yang Salah"
          },
          "episode": null,
          "localTrack": null
        },
        {
          "track": {
            "trackName": "Gemintang Hatiku",
            "artistName": "Lyodra",
            "albumName": "Gemintang Hatiku"
          },
          "episode": null,
          "localTrack": null
        },
        {
          "track": {
            "trackName": "Gemintang Hatiku",
            "artistName": "Tiara Andini",
            "albumName": "Gemintang Hatiku"
          },
          "episode": null,
          "localTrack": null
        },
        {
          "track": {
            "trackName": "Jadi Kekasihku Saja",
            "artistName": "Keisya Levronka",
            "albumName": "Jadi Kekasihku Saja"
          },
          "episode": null,
          "localTrack": null
        },
        {
          "track": {
            "trackName": "Salah",
            "artistName": "Samuel Cipta",
            "albumName": "Salah"
          },
          "episode": null,
          "localTrack": null
        },
        {
          "track": {
            "trackName": "Tentang Kamu",
            "artistName": "Lyodra",
            "albumName": "Tentang Kamu"
          },
          "episode": null,
          "localTrack": null
        },
        {
          "track": {
            "trackName": "Mata-Mata Harimu",
            "artistName": "Ziva Magnolya",
            "albumName": "Mata-Mata Harimu"
          },
          "episode": null,
          "localTrack": null
        },
        {
          "track": {
            "trackName": "365",
            "artistName": "Tiara Andini",
            "albumName": "365"
          },
          "episode": null,
          "localTrack": null
        },
        {
          "track": {
            "trackName": "Ingin Jatuh Cinta",
            "artistName": "Novia Bachmid",
            "albumName": "Ingin Jatuh Cinta"
          },
          "episode": null,
          "localTrack": null
        },
        {
          "track": {
            "trackName": "Dengar Hati Ini",
            "artistName": "Olivia Pardede",
            "albumName": "Dengar Hati Ini"
          },
          "episode": null,
          "localTrack": null
        },
        {
          "track": {
            "trackName": "Tergesa",
            "artistName": "Keisya Levronka",
            "albumName": "Tergesa"
          },
          "episode": null,
          "localTrack": null
        },
        {
          "track": {
            "trackName": "Sampai Kapan",
            "artistName": "Ziva Magnolya",
            "albumName": "Sampai Kapan"
          },
          "episode": null,
          "localTrack": null
        },
        {
          "track": {
            "trackName": "Pinjam Peluk",
            "artistName": "Agseisa",
            "albumName": "Pinjam Peluk"
          },
          "episode": null,
          "localTrack": null
        },
        {
          "track": {
            "trackName": "Lagu Untuk Hari Ini",
            "artistName": "Keisya Levronka",
            "albumName": "Lagu Untuk Hari Ini"
          },
          "episode": null,
          "localTrack": null
        }
      ],
      "description": null,
      "numberOfFollowers": 1
    },
    {
      "name": "old songs",
      "lastModifiedDate": "2020-07-19",
      "items": [
        {
          "track": {
            "trackName": "September Song",
            "artistName": "JP Cooper",
            "albumName": "September Song"
          },
          "episode": null,
          "localTrack": null
        },
        {
          "track": {
            "trackName": "Have You Ever Been In Love",
            "artistName": "Céline Dion",
            "albumName": "A New Day Has Come"
          },
          "episode": null,
          "localTrack": null
        }
      ],
      "description": null,
      "numberOfFollowers": 0
    },
    {
      "name": "skripsi",
      "lastModifiedDate": "2020-06-02",
      "items": [
        {
          "track": {
            "trackName": "Soulmate",
            "artistName": "Kahitna",
            "albumName": "Soulmate/Aku, Dirimu, Dirinya"
          },
          "episode": null,
          "localTrack": null
        },
        {
          "track": {
            "trackName": "Bloodshot",
            "artistName": "Mike Perry",
            "albumName": "Bloodshot"
          },
          "episode": null,
          "localTrack": null
        },
        {
          "track": {
            "trackName": "Aku Percaya",
            "artistName": "Anji",
            "albumName": "Aku Percaya"
          },
          "episode": null,
          "localTrack": null
        },
        {
          "track": {
            "trackName": "Love Never Felt So Good",
            "artistName": "Michael Jackson",
            "albumName": "XSCAPE"
          },
          "episode": null,
          "localTrack": null
        },
        {
          "track": {
            "trackName": "Tak Bisa",
            "artistName": "Rahmania Astrini",
            "albumName": "Tak Bisa"
          },
          "episode": null,
          "localTrack": null
        },
        {
          "track": {
            "trackName": "Nanana",
            "artistName": "AGNEZ MO",
            "albumName": "Nanana"
          },
          "episode": null,
          "localTrack": null
        },
        {
          "track": {
            "trackName": "Honest",
            "artistName": "Shawn Mendes",
            "albumName": "Illuminate"
          },
          "episode": null,
          "localTrack": null
        },
        {
          "track": {
            "trackName": "Gemintang Hatiku",
            "artistName": "Lyodra",
            "albumName": "Gemintang Hatiku"
          },
          "episode": null,
          "localTrack": null
        },
        {
          "track": {
            "trackName": "Can't Take My Eyes Off You",
            "artistName": "Eclat Story",
            "albumName": "Can't Take My Eyes Off You"
          },
          "episode": null,
          "localTrack": null
        },
        {
          "track": {
            "trackName": "Favorite Sin",
            "artistName": "Marion Jola",
            "albumName": "Marion"
          },
          "episode": null,
          "localTrack": null
        },
        {
          "track": {
            "trackName": "Do You Love Me",
            "artistName": "Stephanie Poetri",
            "albumName": "Do You Love Me"
          },
          "episode": null,
          "localTrack": null
        },
        {
          "track": {
            "trackName": "Rehat",
            "artistName": "Kunto Aji",
            "albumName": "Mantra Mantra"
          },
          "episode": null,
          "localTrack": null
        },
        {
          "track": {
            "trackName": "Sailor",
            "artistName": "GAC (Gamaliél Audrey Cantika)",
            "albumName": "RESONANCE"
          },
          "episode": null,
          "localTrack": null
        },
        {
          "track": {
            "trackName": "Teristimewa",
            "artistName": "Raisa",
            "albumName": "Teristimewa"
          },
          "episode": null,
          "localTrack": null
        },
        {
          "track": {
            "trackName": "PROMISES",
            "artistName": "AGNEZ MO",
            "albumName": "PROMISES"
          },
          "episode": null,
          "localTrack": null
        },
        {
          "track": {
            "trackName": "Love You Longer - Acoustic",
            "artistName": "Raisa",
            "albumName": "Love You Longer"
          },
          "episode": null,
          "localTrack": null
        }
      ],
      "description": null,
      "numberOfFollowers": 0
    },
    {
      "name": "culture",
      "lastModifiedDate": "2020-07-14",
      "items": [
        {
          "track": {
            "trackName": "Melody of Hope",
            "artistName": "I Gusti Sudarsana",
            "albumName": "Balinese Traditional Massage & Spa"
          },
          "episode": null,
          "localTrack": null
        },
        {
          "track": {
            "trackName": "Cinematic Balinese Gamelan",
            "artistName": "Redafs",
            "albumName": "Cinematic Balinese Gamelan"
          },
          "episode": null,
          "localTrack": null
        },
        {
          "track": {
            "trackName": "Positive Vibes Gamelan",
            "artistName": "Redafs",
            "albumName": "Positive Vibes Gamelan"
          },
          "episode": null,
          "localTrack": null
        },
        {
          "track": {
            "trackName": "Javanese Healing",
            "artistName": "Redafs",
            "albumName": "Javanese Healing"
          },
          "episode": null,
          "localTrack": null
        },
        {
          "track": {
            "trackName": "Mind Relaxation",
            "artistName": "Redafs",
            "albumName": "Mind Relaxation"
          },
          "episode": null,
          "localTrack": null
        },
        {
          "track": {
            "trackName": "Spiritual Journey",
            "artistName": "Redafs",
            "albumName": "Spiritual Journey"
          },
          "episode": null,
          "localTrack": null
        },
        {
          "track": {
            "trackName": "Melancholy Gamelan Feel",
            "artistName": "Redafs",
            "albumName": "Melancholy Gamelan Feel"
          },
          "episode": null,
          "localTrack": null
        },
        {
          "track": {
            "trackName": "Wonderful Indonesia Modern Gamelan",
            "artistName": "Redafs",
            "albumName": "Wonderful Indonesia Modern Gamelan"
          },
          "episode": null,
          "localTrack": null
        },
        {
          "track": {
            "trackName": "Beautiful Indonesia Modern Gamelan",
            "artistName": "Redafs",
            "albumName": "Beautiful Indonesia Modern Gamelan"
          },
          "episode": null,
          "localTrack": null
        },
        {
          "track": {
            "trackName": "Indonesian Gendhing Gamelan",
            "artistName": "Redafs",
            "albumName": "Indonesian Gendhing Gamelan"
          },
          "episode": null,
          "localTrack": null
        },
        {
          "track": {
            "trackName": "The Flowing Water",
            "artistName": "I Gusti Sudarsana",
            "albumName": "Balinese Traditional Massage & Spa, Vol. 2"
          },
          "episode": null,
          "localTrack": null
        },
        {
          "track": {
            "trackName": "Nasi Jinggo",
            "artistName": "I Gusti Sudarsana",
            "albumName": "Degung Bali, Pt. 2 (Lounge Music)"
          },
          "episode": null,
          "localTrack": null
        },
        {
          "track": {
            "trackName": "Fisherman",
            "artistName": "I Gusti Sudarsana",
            "albumName": "Balinese Traditional Massage & Spa"
          },
          "episode": null,
          "localTrack": null
        }
      ],
      "description": null,
      "numberOfFollowers": 0
    },
    {
      "name": "surrender",
      "lastModifiedDate": "2020-10-12",
      "items": [
        {
          "track": {
            "trackName": "Opening - Live",
            "artistName": "Sidney Mohede",
            "albumName": "Louder Than Life (Live Recording Concert)"
          },
          "episode": null,
          "localTrack": null
        },
        {
          "track": {
            "trackName": "Tiba Saatnya - Live",
            "artistName": "Sidney Mohede",
            "albumName": "Louder Than Life (Live Recording Concert)"
          },
          "episode": null,
          "localTrack": null
        },
        {
          "track": {
            "trackName": "Kau Kuatku (Tiada Yang Mustahil) - Live",
            "artistName": "Sidney Mohede",
            "albumName": "Louder Than Life (Live Recording Concert)"
          },
          "episode": null,
          "localTrack": null
        },
        {
          "track": {
            "trackName": "Sungguh Kau - Live",
            "artistName": "Sidney Mohede",
            "albumName": "Louder Than Life (Live Recording Concert)"
          },
          "episode": null,
          "localTrack": null
        },
        {
          "track": {
            "trackName": "Hands Up - Live",
            "artistName": "Sidney Mohede",
            "albumName": "Louder Than Life (Live Recording Concert)"
          },
          "episode": null,
          "localTrack": null
        },
        {
          "track": {
            "trackName": "Lost - Live",
            "artistName": "Sidney Mohede",
            "albumName": "Louder Than Life (Live Recording Concert)"
          },
          "episode": null,
          "localTrack": null
        },
        {
          "track": {
            "trackName": "Kubersujud (I Bend My Knees) - Live",
            "artistName": "Sidney Mohede",
            "albumName": "Louder Than Life (Live Recording Concert)"
          },
          "episode": null,
          "localTrack": null
        },
        {
          "track": {
            "trackName": "My Simple Song - Live",
            "artistName": "Sidney Mohede",
            "albumName": "Louder Than Life (Live Recording Concert)"
          },
          "episode": null,
          "localTrack": null
        },
        {
          "track": {
            "trackName": "Kuterpaku - Live",
            "artistName": "Sidney Mohede",
            "albumName": "Louder Than Life (Live Recording Concert)"
          },
          "episode": null,
          "localTrack": null
        },
        {
          "track": {
            "trackName": "Beautiful - Live",
            "artistName": "Sidney Mohede",
            "albumName": "Louder Than Life (Live Recording Concert)"
          },
          "episode": null,
          "localTrack": null
        },
        {
          "track": {
            "trackName": "Slalu Bersamaku - Live",
            "artistName": "Sidney Mohede",
            "albumName": "Louder Than Life (Live Recording Concert)"
          },
          "episode": null,
          "localTrack": null
        },
        {
          "track": {
            "trackName": "When I Wondrous Cross - Live",
            "artistName": "Sidney Mohede",
            "albumName": "Louder Than Life (Live Recording Concert)"
          },
          "episode": null,
          "localTrack": null
        },
        {
          "track": {
            "trackName": "Medley: Mengejar HadirMu / I Will Follow You - Live",
            "artistName": "Sidney Mohede",
            "albumName": "Louder Than Life (Live Recording Concert)"
          },
          "episode": null,
          "localTrack": null
        },
        {
          "track": {
            "trackName": "MengenalMu - Live",
            "artistName": "Sidney Mohede",
            "albumName": "Louder Than Life (Live Recording Concert)"
          },
          "episode": null,
          "localTrack": null
        },
        {
          "track": {
            "trackName": "Medley: Sampai / Holy - Live",
            "artistName": "Sidney Mohede",
            "albumName": "Louder Than Life (Live Recording Concert)"
          },
          "episode": null,
          "localTrack": null
        },
        {
          "track": {
            "trackName": "Kupercaya - Live",
            "artistName": "Sidney Mohede",
            "albumName": "Louder Than Life (Live Recording Concert)"
          },
          "episode": null,
          "localTrack": null
        },
        {
          "track": {
            "trackName": "Tiada SepertiMu - Live",
            "artistName": "Sidney Mohede",
            "albumName": "Louder Than Life (Live Recording Concert)"
          },
          "episode": null,
          "localTrack": null
        },
        {
          "track": {
            "trackName": "Medley: As Long as I Live / Amazing - Live",
            "artistName": "Sidney Mohede",
            "albumName": "Louder Than Life (Live Recording Concert)"
          },
          "episode": null,
          "localTrack": null
        },
        {
          "track": {
            "trackName": "Be Lifted up (Hosanna) - Live",
            "artistName": "Sidney Mohede",
            "albumName": "Louder Than Life (Live Recording Concert)"
          },
          "episode": null,
          "localTrack": null
        },
        {
          "track": {
            "trackName": "Louder Than Life - Live",
            "artistName": "Sidney Mohede",
            "albumName": "Louder Than Life (Live Recording Concert)"
          },
          "episode": null,
          "localTrack": null
        },
        {
          "track": {
            "trackName": "Hidup TanpaMu - Live",
            "artistName": "Sidney Mohede",
            "albumName": "Louder Than Life (Live Recording Concert)"
          },
          "episode": null,
          "localTrack": null
        },
        {
          "track": {
            "trackName": "Semuanya DariMu - Live",
            "artistName": "Sidney Mohede",
            "albumName": "Louder Than Life (Live Recording Concert)"
          },
          "episode": null,
          "localTrack": null
        },
        {
          "track": {
            "trackName": "Beautiful Saviour",
            "artistName": "Planetshakers",
            "albumName": "Beautiful Saviour"
          },
          "episode": null,
          "localTrack": null
        },
        {
          "track": {
            "trackName": "Kubersyukur Bapa",
            "artistName": "Symphony Worship",
            "albumName": "New Hope"
          },
          "episode": null,
          "localTrack": null
        },
        {
          "track": {
            "trackName": "Ujilah Aku Tuhan",
            "artistName": "Symphony Worship",
            "albumName": "Intimate Legacy"
          },
          "episode": null,
          "localTrack": null
        },
        {
          "track": {
            "trackName": "Kunyanyi Haleluya (Live)",
            "artistName": "Symphony Worship",
            "albumName": "Love to Worship You (Live) [feat. Ps Djohan Handojo]"
          },
          "episode": null,
          "localTrack": null
        },
        {
          "track": {
            "trackName": "Yesus PadaMu Kuberseru (Live)",
            "artistName": "Symphony Worship",
            "albumName": "Love to Worship You (Live) [feat. Ps Djohan Handojo]"
          },
          "episode": null,
          "localTrack": null
        },
        {
          "track": {
            "trackName": "Dengan Apa Kan Kubalas (Live)",
            "artistName": "Symphony Worship",
            "albumName": "Freedom (Live)"
          },
          "episode": null,
          "localTrack": null
        },
        {
          "track": {
            "trackName": "Sujud di AltarNya",
            "artistName": "Symphony Worship",
            "albumName": "New Hope EP: Acoustic Session"
          },
          "episode": null,
          "localTrack": null
        },
        {
          "track": {
            "trackName": "HadiratMu Memenuhiku (Live)",
            "artistName": "Symphony Worship",
            "albumName": "Freedom (Live)"
          },
          "episode": null,
          "localTrack": null
        },
        {
          "track": {
            "trackName": "In Christ Alone",
            "artistName": "Natasha Midori",
            "albumName": "Thank You Jesus"
          },
          "episode": null,
          "localTrack": null
        },
        {
          "track": {
            "trackName": "Beautiful Savior",
            "artistName": "Natasha Midori",
            "albumName": "Thank You Jesus"
          },
          "episode": null,
          "localTrack": null
        },
        {
          "track": {
            "trackName": "Still",
            "artistName": "Natasha Midori",
            "albumName": "Thank You Jesus"
          },
          "episode": null,
          "localTrack": null
        },
        {
          "track": {
            "trackName": "Worthy Is the Lamb",
            "artistName": "Natasha Midori",
            "albumName": "Thank You Jesus"
          },
          "episode": null,
          "localTrack": null
        },
        {
          "track": {
            "trackName": "Jesus It Is You",
            "artistName": "Natasha Midori",
            "albumName": "Thank You Jesus"
          },
          "episode": null,
          "localTrack": null
        },
        {
          "track": {
            "trackName": "Broken Vessels",
            "artistName": "Natasha Midori",
            "albumName": "Thank You Jesus"
          },
          "episode": null,
          "localTrack": null
        },
        {
          "track": {
            "trackName": "Be with You",
            "artistName": "Natashia Midori",
            "albumName": "Thank You Jesus - Natashia Midori, Pt. 2"
          },
          "episode": null,
          "localTrack": null
        },
        {
          "track": {
            "trackName": "Sungguh Indah",
            "artistName": "Robert & Lea Sutanto",
            "albumName": "Grace"
          },
          "episode": null,
          "localTrack": null
        },
        {
          "track": {
            "trackName": "More Than Enough",
            "artistName": "JPCC Worship",
            "albumName": "More Than Enough"
          },
          "episode": null,
          "localTrack": null
        },
        {
          "track": {
            "trackName": "Jujur",
            "artistName": "Sidney Mohede",
            "albumName": "Jujur"
          },
          "episode": null,
          "localTrack": null
        },
        {
          "track": {
            "trackName": "Above All",
            "artistName": "Natasha Midori",
            "albumName": "Thank You Jesus"
          },
          "episode": null,
          "localTrack": null
        },
        {
          "track": {
            "trackName": "Tenang",
            "artistName": "GMS Live",
            "albumName": "Tenang"
          },
          "episode": null,
          "localTrack": null
        },
        {
          "track": {
            "trackName": "PROMISES",
            "artistName": "AGNEZ MO",
            "albumName": "PROMISES"
          },
          "episode": null,
          "localTrack": null
        },
        {
          "track": {
            "trackName": "Setiap Langkahku",
            "artistName": "JPCC Worship Youth",
            "albumName": "Unchanging"
          },
          "episode": null,
          "localTrack": null
        },
        {
          "track": {
            "trackName": "Day by Day (Blott En Dag)",
            "artistName": "Aboda",
            "albumName": "Jazzhymnals"
          },
          "episode": null,
          "localTrack": null
        }
      ],
      "description": null,
      "numberOfFollowers": 0
    },
    {
      "name": "fresh",
      "lastModifiedDate": "2020-10-01",
      "items": [
        {
          "track": {
            "trackName": "Lonely",
            "artistName": "Diplo",
            "albumName": "Lonely"
          },
          "episode": null,
          "localTrack": null
        },
        {
          "track": {
            "trackName": "What A Man Gotta Do",
            "artistName": "Jonas Brothers",
            "albumName": "What A Man Gotta Do"
          },
          "episode": null,
          "localTrack": null
        },
        {
          "track": {
            "trackName": "10,000 Hours (with Justin Bieber)",
            "artistName": "Dan + Shay",
            "albumName": "10,000 Hours (with Justin Bieber)"
          },
          "episode": null,
          "localTrack": null
        },
        {
          "track": {
            "trackName": "Unbelievable",
            "artistName": "Why Don't We",
            "albumName": "Unbelievable"
          },
          "episode": null,
          "localTrack": null
        },
        {
          "track": {
            "trackName": "Freaking Me Out",
            "artistName": "Ava Max",
            "albumName": "Freaking Me Out"
          },
          "episode": null,
          "localTrack": null
        },
        {
          "track": {
            "trackName": "Mean It",
            "artistName": "Lauv",
            "albumName": "~how i'm feeling~"
          },
          "episode": null,
          "localTrack": null
        },
        {
          "track": {
            "trackName": "Together Again",
            "artistName": "Janet Jackson",
            "albumName": "The Velvet Rope"
          },
          "episode": null,
          "localTrack": null
        },
        {
          "track": {
            "trackName": "Gemintang Hatiku",
            "artistName": "Lyodra",
            "albumName": "Gemintang Hatiku"
          },
          "episode": null,
          "localTrack": null
        },
        {
          "track": {
            "trackName": "Gemintang Hatiku",
            "artistName": "Tiara Andini",
            "albumName": "Gemintang Hatiku"
          },
          "episode": null,
          "localTrack": null
        },
        {
          "track": {
            "trackName": "Don't Give Up On Me - (From \"Five Feet Apart\")",
            "artistName": "Andy Grammer",
            "albumName": "Naive"
          },
          "episode": null,
          "localTrack": null
        },
        {
          "track": {
            "trackName": "Reach (NBC Olympic Version)",
            "artistName": "Gloria Estefan",
            "albumName": "DESTINY"
          },
          "episode": null,
          "localTrack": null
        },
        {
          "track": {
            "trackName": "Damaikan Dunia",
            "artistName": "Aldo Longa",
            "albumName": "Damaikan Dunia"
          },
          "episode": null,
          "localTrack": null
        },
        {
          "track": {
            "trackName": "Jam Rawan",
            "artistName": "Nino",
            "albumName": "Jam Rawan"
          },
          "episode": null,
          "localTrack": null
        },
        {
          "track": {
            "trackName": "Melati Suci",
            "artistName": "Guruh Soekarno Putra",
            "albumName": "Puspa Ragam"
          },
          "episode": null,
          "localTrack": null
        },
        {
          "track": {
            "trackName": "Cinta Indonesia",
            "artistName": "Guruh Soekarno Putra",
            "albumName": "Puspa Ragam"
          },
          "episode": null,
          "localTrack": null
        }
      ],
      "description": null,
      "numberOfFollowers": 0
    },
    {
      "name": "beat beat slow",
      "lastModifiedDate": "2020-11-18",
      "items": [
        {
          "track": {
            "trackName": "Lagu Cinta",
            "artistName": "Isyana Sarasvati",
            "albumName": "Lagu Cinta"
          },
          "episode": null,
          "localTrack": null
        },
        {
          "track": {
            "trackName": "Adu Rayu",
            "artistName": "Yovie Widianto",
            "albumName": "Adu Rayu"
          },
          "episode": null,
          "localTrack": null
        },
        {
          "track": {
            "trackName": "Echo",
            "artistName": "Isyana Sarasvati",
            "albumName": "Paradox"
          },
          "episode": null,
          "localTrack": null
        },
        {
          "track": {
            "trackName": "Lost In Japan",
            "artistName": "Shawn Mendes",
            "albumName": "Shawn Mendes"
          },
          "episode": null,
          "localTrack": null
        },
        {
          "track": {
            "trackName": "If I Can't Have You",
            "artistName": "Shawn Mendes",
            "albumName": "If I Can't Have You"
          },
          "episode": null,
          "localTrack": null
        },
        {
          "track": {
            "trackName": "Feel So Right",
            "artistName": "Isyana Sarasvati",
            "albumName": "Feel So Right"
          },
          "episode": null,
          "localTrack": null
        },
        {
          "track": {
            "trackName": "Seribu Bulan Sejuta Malam",
            "artistName": "Kahitna",
            "albumName": "Seribu Bulan Sejuta Malam"
          },
          "episode": null,
          "localTrack": null
        },
        {
          "track": {
            "trackName": "Hatiku Indonesia",
            "artistName": "Yovie Widianto",
            "albumName": "Hatiku Indonesia"
          },
          "episode": null,
          "localTrack": null
        },
        {
          "track": {
            "trackName": "Bicara (feat. Monita Tahalea)",
            "artistName": "TheOvertunes",
            "albumName": "Memories Made"
          },
          "episode": null,
          "localTrack": null
        },
        {
          "track": {
            "trackName": "Tunggu Apa Lagi",
            "artistName": "Lalahuta",
            "albumName": "Tunggu Apa Lagi"
          },
          "episode": null,
          "localTrack": null
        },
        {
          "track": {
            "trackName": "Pemuda",
            "artistName": "Hivi!",
            "albumName": "Pemuda"
          },
          "episode": null,
          "localTrack": null
        },
        {
          "track": {
            "trackName": "Manusia Kuat",
            "artistName": "Tulus",
            "albumName": "Monokrom"
          },
          "episode": null,
          "localTrack": null
        },
        {
          "track": {
            "trackName": "A Whole New World - From \"Aladdin\"",
            "artistName": "gamaliél",
            "albumName": "A Whole New World"
          },
          "episode": null,
          "localTrack": null
        },
        {
          "track": {
            "trackName": "Tak Ingin Pisah Lagi",
            "artistName": "Marion Jola",
            "albumName": "Tak Ingin Pisah Lagi"
          },
          "episode": null,
          "localTrack": null
        },
        {
          "track": {
            "trackName": "Way Back Home",
            "artistName": "SHAUN",
            "albumName": "Take"
          },
          "episode": null,
          "localTrack": null
        },
        {
          "track": {
            "trackName": "Underwater",
            "artistName": "Rendy Pandugo",
            "albumName": "Underwater"
          },
          "episode": null,
          "localTrack": null
        },
        {
          "track": {
            "trackName": "Labirin",
            "artistName": "Tulus",
            "albumName": "Labirin"
          },
          "episode": null,
          "localTrack": null
        },
        {
          "track": {
            "trackName": "Prahara Cinta",
            "artistName": "MLDJAZZPROJECT",
            "albumName": "MLDJAZZPROJECT - Season 3"
          },
          "episode": null,
          "localTrack": null
        },
        {
          "track": {
            "trackName": "Dahulu",
            "artistName": "MLDJAZZPROJECT",
            "albumName": "MLDJAZZPROJECT - Season 3"
          },
          "episode": null,
          "localTrack": null
        },
        {
          "track": {
            "trackName": "Kala Cinta Menggoda",
            "artistName": "MLDJAZZPROJECT",
            "albumName": "MLDJAZZPROJECT - Season 3"
          },
          "episode": null,
          "localTrack": null
        },
        {
          "track": {
            "trackName": "bad guy",
            "artistName": "Billie Eilish",
            "albumName": "WHEN WE ALL FALL ASLEEP, WHERE DO WE GO?"
          },
          "episode": null,
          "localTrack": null
        },
        {
          "track": {
            "trackName": "A Different Way (with Lauv)",
            "artistName": "DJ Snake",
            "albumName": "A Different Way (with Lauv)"
          },
          "episode": null,
          "localTrack": null
        },
        {
          "track": {
            "trackName": "Lover Boy",
            "artistName": "Phum Viphurit",
            "albumName": "Lover Boy"
          },
          "episode": null,
          "localTrack": null
        },
        {
          "track": {
            "trackName": "Wahai Kau Tuan",
            "artistName": "Widi Mulia",
            "albumName": "Wahai Kau Tuan"
          },
          "episode": null,
          "localTrack": null
        },
        {
          "track": {
            "trackName": "Dermaga",
            "artistName": "Yesh",
            "albumName": "Dermaga"
          },
          "episode": null,
          "localTrack": null
        },
        {
          "track": {
            "trackName": "Ku Lari Ke Pantai (Theme Song)",
            "artistName": "RAN",
            "albumName": "OST Kulari Ke Pantai"
          },
          "episode": null,
          "localTrack": null
        },
        {
          "track": {
            "trackName": "Keep Being You",
            "artistName": "Isyana Sarasvati",
            "albumName": "EXPLORE! (Special Edition)"
          },
          "episode": null,
          "localTrack": null
        },
        {
          "track": {
            "trackName": "I Love You 3000",
            "artistName": "Stephanie Poetri",
            "albumName": "I Love You 3000"
          },
          "episode": null,
          "localTrack": null
        },
        {
          "track": {
            "trackName": "Menikahimu",
            "artistName": "Kahitna",
            "albumName": "Cinta Sudah Lewat"
          },
          "episode": null,
          "localTrack": null
        },
        {
          "track": {
            "trackName": "Setapak Sriwedari",
            "artistName": "MALIQ & D'Essentials",
            "albumName": "Sriwedari"
          },
          "episode": null,
          "localTrack": null
        },
        {
          "track": {
            "trackName": "Pesona Cinta",
            "artistName": "Adikara Fardy",
            "albumName": "Pesona Cinta"
          },
          "episode": null,
          "localTrack": null
        },
        {
          "track": {
            "trackName": "Only Want You",
            "artistName": "Rita Ora",
            "albumName": "Phoenix (Deluxe)"
          },
          "episode": null,
          "localTrack": null
        },
        {
          "track": {
            "trackName": "Harder (with Bebe Rexha)",
            "artistName": "Jax Jones",
            "albumName": "Harder"
          },
          "episode": null,
          "localTrack": null
        },
        {
          "track": {
            "trackName": "There's No Way (feat. Julia Michaels)",
            "artistName": "Lauv",
            "albumName": "There's No Way (feat. Julia Michaels)"
          },
          "episode": null,
          "localTrack": null
        },
        {
          "track": {
            "trackName": "All the Time",
            "artistName": "Zara Larsson",
            "albumName": "All the Time"
          },
          "episode": null,
          "localTrack": null
        },
        {
          "track": {
            "trackName": "Slow Hands",
            "artistName": "Niall Horan",
            "albumName": "Flicker"
          },
          "episode": null,
          "localTrack": null
        },
        {
          "track": {
            "trackName": "Colour",
            "artistName": "MNEK",
            "albumName": "Colour"
          },
          "episode": null,
          "localTrack": null
        },
        {
          "track": {
            "trackName": "Beautiful (feat. Camila Cabello)",
            "artistName": "Bazzi",
            "albumName": "Beautiful (feat. Camila Cabello)"
          },
          "episode": null,
          "localTrack": null
        },
        {
          "track": {
            "trackName": "Dancing With A Stranger (with Normani)",
            "artistName": "Sam Smith",
            "albumName": "Dancing With A Stranger (with Normani)"
          },
          "episode": null,
          "localTrack": null
        },
        {
          "track": {
            "trackName": "fuck, i'm lonely",
            "artistName": "Lauv",
            "albumName": "fuck, i'm lonely"
          },
          "episode": null,
          "localTrack": null
        },
        {
          "track": {
            "trackName": "Denganmu",
            "artistName": "Adiva",
            "albumName": "Habibie & Ainun 3 (Original Motion Picture Soundtrack)"
          },
          "episode": null,
          "localTrack": null
        },
        {
          "track": {
            "trackName": "Meraih Prestasi",
            "artistName": "Tya Subiakto",
            "albumName": "Habibie & Ainun 3 (Original Motion Picture Soundtrack)"
          },
          "episode": null,
          "localTrack": null
        },
        {
          "track": {
            "trackName": "Denganmu - Original Soundtrack Habibie & Ainun 3",
            "artistName": "Adiva",
            "albumName": "Denganmu"
          },
          "episode": null,
          "localTrack": null
        },
        {
          "track": {
            "trackName": "Mahakarya",
            "artistName": "Tulus",
            "albumName": "Monokrom"
          },
          "episode": null,
          "localTrack": null
        },
        {
          "track": {
            "trackName": "Cahaya",
            "artistName": "Tulus",
            "albumName": "Monokrom"
          },
          "episode": null,
          "localTrack": null
        },
        {
          "track": {
            "trackName": "Ready",
            "artistName": "Alessia Cara",
            "albumName": "Ready"
          },
          "episode": null,
          "localTrack": null
        },
        {
          "track": {
            "trackName": "Rare",
            "artistName": "Selena Gomez",
            "albumName": "Rare"
          },
          "episode": null,
          "localTrack": null
        },
        {
          "track": {
            "trackName": "Gemintang Hatiku",
            "artistName": "Lyodra",
            "albumName": "Gemintang Hatiku"
          },
          "episode": null,
          "localTrack": null
        },
        {
          "track": {
            "trackName": "Gemintang Hatiku",
            "artistName": "Tiara Andini",
            "albumName": "Gemintang Hatiku"
          },
          "episode": null,
          "localTrack": null
        },
        {
          "track": {
            "trackName": "Lenggang Puspita",
            "artistName": "Afgan",
            "albumName": "Lenggang Puspita"
          },
          "episode": null,
          "localTrack": null
        },
        {
          "track": {
            "trackName": "Pelukku Untuk Pelikmu - OST Imperfect: Karier, Cinta, & Timbangan",
            "artistName": "Fiersa Besari",
            "albumName": "Pelukku Untuk Pelikmu"
          },
          "episode": null,
          "localTrack": null
        },
        {
          "track": {
            "trackName": "Sejauh Dua Benua",
            "artistName": "Arsy Widianto",
            "albumName": "Sejauh Dua Benua"
          },
          "episode": null,
          "localTrack": null
        },
        {
          "track": {
            "trackName": "Khayalan",
            "artistName": "Hivi!",
            "albumName": "Say Hi To Hivi!"
          },
          "episode": null,
          "localTrack": null
        },
        {
          "track": {
            "trackName": "Lemonade",
            "artistName": "Jeremy Passion",
            "albumName": "Thankful"
          },
          "episode": null,
          "localTrack": null
        },
        {
          "track": {
            "trackName": "Nanana",
            "artistName": "AGNEZ MO",
            "albumName": "Nanana"
          },
          "episode": null,
          "localTrack": null
        },
        {
          "track": {
            "trackName": "Honest",
            "artistName": "Shawn Mendes",
            "albumName": "Illuminate"
          },
          "episode": null,
          "localTrack": null
        },
        {
          "track": {
            "trackName": "Mutual",
            "artistName": "Shawn Mendes",
            "albumName": "Shawn Mendes"
          },
          "episode": null,
          "localTrack": null
        },
        {
          "track": {
            "trackName": "Queen",
            "artistName": "Shawn Mendes",
            "albumName": "Shawn Mendes"
          },
          "episode": null,
          "localTrack": null
        },
        {
          "track": {
            "trackName": "Polaroid",
            "artistName": "Jonas Blue",
            "albumName": "Blue"
          },
          "episode": null,
          "localTrack": null
        },
        {
          "track": {
            "trackName": "Let Me Love You",
            "artistName": "DJ Snake",
            "albumName": "Encore"
          },
          "episode": null,
          "localTrack": null
        },
        {
          "track": {
            "trackName": "Tak Bisa",
            "artistName": "Rahmania Astrini",
            "albumName": "Tak Bisa"
          },
          "episode": null,
          "localTrack": null
        },
        {
          "track": {
            "trackName": "Kumau Dia",
            "artistName": "Andmesh",
            "albumName": "Cinta Luar Biasa"
          },
          "episode": null,
          "localTrack": null
        },
        {
          "track": {
            "trackName": "Love Never Felt So Good",
            "artistName": "Michael Jackson",
            "albumName": "XSCAPE"
          },
          "episode": null,
          "localTrack": null
        },
        {
          "track": {
            "trackName": "Aku Percaya",
            "artistName": "Anji",
            "albumName": "Aku Percaya"
          },
          "episode": null,
          "localTrack": null
        },
        {
          "track": {
            "trackName": "Salahkah Aku Terlalu Mencintaimu",
            "artistName": "Fatin",
            "albumName": "Salahkah Aku Terlalu Mencintaimu"
          },
          "episode": null,
          "localTrack": null
        },
        {
          "track": {
            "trackName": "Bloodshot",
            "artistName": "Mike Perry",
            "albumName": "Bloodshot"
          },
          "episode": null,
          "localTrack": null
        },
        {
          "track": {
            "trackName": "Memori",
            "artistName": "Eka Gustiwana",
            "albumName": "Sounds Of Java"
          },
          "episode": null,
          "localTrack": null
        },
        {
          "track": {
            "trackName": "Mengapa Kita #terlanjurmencinta",
            "artistName": "Lyodra",
            "albumName": "Mengapa Kita #terlanjurmencinta"
          },
          "episode": null,
          "localTrack": null
        },
        {
          "track": {
            "trackName": "Tak Sanggup Melupa #terlanjurmencinta",
            "artistName": "Ziva Magnolya",
            "albumName": "Tak Sanggup Melupa #terlanjurmencinta"
          },
          "episode": null,
          "localTrack": null
        },
        {
          "track": {
            "trackName": "Maafkan Aku #terlanjurmencinta",
            "artistName": "Tiara Andini",
            "albumName": "Maafkan Aku #terlanjurmencinta"
          },
          "episode": null,
          "localTrack": null
        },
        {
          "track": {
            "trackName": "Ekspektasi",
            "artistName": "Okin",
            "albumName": "Ekspektasi"
          },
          "episode": null,
          "localTrack": null
        },
        {
          "track": {
            "trackName": "Hoolala",
            "artistName": "Yura Yunita",
            "albumName": "Hoolala"
          },
          "episode": null,
          "localTrack": null
        },
        {
          "track": {
            "trackName": "Circles",
            "artistName": "Post Malone",
            "albumName": "Hollywood's Bleeding"
          },
          "episode": null,
          "localTrack": null
        },
        {
          "track": {
            "trackName": "Tentang Kamu",
            "artistName": "Lyodra",
            "albumName": "Tentang Kamu"
          },
          "episode": null,
          "localTrack": null
        },
        {
          "track": {
            "trackName": "I Can't Wait",
            "artistName": "PJ Morton",
            "albumName": "I Can't Wait"
          },
          "episode": null,
          "localTrack": null
        },
        {
          "track": {
            "trackName": "Zamrud Khatulistiwa",
            "artistName": "Vidi Aldiano",
            "albumName": "Zamrud Khatulistiwa"
          },
          "episode": null,
          "localTrack": null
        },
        {
          "track": {
            "trackName": "Kala Cinta Menggoda",
            "artistName": "Noah",
            "albumName": "Kala Cinta Menggoda"
          },
          "episode": null,
          "localTrack": null
        },
        {
          "track": {
            "trackName": "Kemenangan Hati",
            "artistName": "Dirly & Ghea",
            "albumName": "Kemenangan Hati"
          },
          "episode": null,
          "localTrack": null
        },
        {
          "track": {
            "trackName": "Secret Admirer",
            "artistName": "Adikara Fardy",
            "albumName": "Secret Admirer"
          },
          "episode": null,
          "localTrack": null
        },
        {
          "track": {
            "trackName": "Detik Waktu",
            "artistName": "Adikara Fardy",
            "albumName": "Detik Waktu: Perjalanan Karya Cipta Candra Darusman"
          },
          "episode": null,
          "localTrack": null
        },
        {
          "track": {
            "trackName": "Merenda Kasih",
            "artistName": "Dea Mirella",
            "albumName": "Kemenangan Hati"
          },
          "episode": null,
          "localTrack": null
        },
        {
          "track": {
            "trackName": "Indah, Kuingat Dirimu",
            "artistName": "Armand",
            "albumName": "Kemenangan Hati"
          },
          "episode": null,
          "localTrack": null
        },
        {
          "track": {
            "trackName": "Bagaimana",
            "artistName": "Rio Febrian",
            "albumName": "Kemenangan Hati"
          },
          "episode": null,
          "localTrack": null
        },
        {
          "track": {
            "trackName": "Tentang Diriku",
            "artistName": "Dea Mirella",
            "albumName": "Kemenangan Hati"
          },
          "episode": null,
          "localTrack": null
        },
        {
          "track": {
            "trackName": "Hangatnya Cinta",
            "artistName": "Sita",
            "albumName": "Kemenangan Hati"
          },
          "episode": null,
          "localTrack": null
        },
        {
          "track": {
            "trackName": "Suratku",
            "artistName": "Sita",
            "albumName": "Kemenangan Hati"
          },
          "episode": null,
          "localTrack": null
        },
        {
          "track": {
            "trackName": "Bahasa Kalbu",
            "artistName": "Raisa",
            "albumName": "Bahasa Kalbu"
          },
          "episode": null,
          "localTrack": null
        },
        {
          "track": {
            "trackName": "Candu Asmara",
            "artistName": "Maizura",
            "albumName": "Candu Asmara"
          },
          "episode": null,
          "localTrack": null
        },
        {
          "track": {
            "trackName": "Janger Persahabatan (Official Song Asian Games)",
            "artistName": "Ariel",
            "albumName": "Janger Persahabatan (Official Song Asian Games)"
          },
          "episode": null,
          "localTrack": null
        },
        {
          "track": {
            "trackName": "애인만들기",
            "artistName": "SS501",
            "albumName": "꽃보다 남자 Best Collection"
          },
          "episode": null,
          "localTrack": null
        },
        {
          "track": {
            "trackName": "I Still Love You",
            "artistName": "TheOvertunes",
            "albumName": "Cek Toko Sebelah (Original Motion Picture Soundtrack)"
          },
          "episode": null,
          "localTrack": null
        },
        {
          "track": {
            "trackName": "Berlari Tanpa Kaki",
            "artistName": "GAC (Gamaliél Audrey Cantika)",
            "albumName": "Cek Toko Sebelah (Original Motion Picture Soundtrack)"
          },
          "episode": null,
          "localTrack": null
        },
        {
          "track": {
            "trackName": "Sekali Cinta",
            "artistName": "Wendy Marc",
            "albumName": "Sekali Cinta"
          },
          "episode": null,
          "localTrack": null
        },
        {
          "track": {
            "trackName": "Lebih Baik Darinya",
            "artistName": "Agatha Chelsea",
            "albumName": "Lebih Baik Darinya"
          },
          "episode": null,
          "localTrack": null
        },
        {
          "track": {
            "trackName": "Lights Up",
            "artistName": "Harry Styles",
            "albumName": "Lights Up"
          },
          "episode": null,
          "localTrack": null
        },
        {
          "track": {
            "trackName": "September Song",
            "artistName": "JP Cooper",
            "albumName": "September Song"
          },
          "episode": null,
          "localTrack": null
        },
        {
          "track": {
            "trackName": "Don't Know Why",
            "artistName": "Norah Jones",
            "albumName": "Come Away With Me"
          },
          "episode": null,
          "localTrack": null
        }
      ],
      "description": null,
      "numberOfFollowers": 0
    },
    {
      "name": "puteri",
      "lastModifiedDate": "2020-09-01",
      "items": [
        {
          "track": {
            "trackName": "Anywhere",
            "artistName": "Rita Ora",
            "albumName": "Anywhere"
          },
          "episode": null,
          "localTrack": null
        },
        {
          "track": {
            "trackName": "Rain",
            "artistName": "The Script",
            "albumName": "Rain"
          },
          "episode": null,
          "localTrack": null
        },
        {
          "track": {
            "trackName": "Miracles (Someone Special)",
            "artistName": "Coldplay",
            "albumName": "Kaleidoscope EP"
          },
          "episode": null,
          "localTrack": null
        },
        {
          "track": {
            "trackName": "Friends (with BloodPop®)",
            "artistName": "Justin Bieber",
            "albumName": "Friends (with BloodPop®)"
          },
          "episode": null,
          "localTrack": null
        },
        {
          "track": {
            "trackName": "Without You (feat. Sandro Cavazza)",
            "artistName": "Avicii",
            "albumName": "AVĪCI"
          },
          "episode": null,
          "localTrack": null
        },
        {
          "track": {
            "trackName": "Back to You (feat. Bebe Rexha & Digital Farm Animals)",
            "artistName": "Louis Tomlinson",
            "albumName": "Back to You (feat. Bebe Rexha & Digital Farm Animals)"
          },
          "episode": null,
          "localTrack": null
        },
        {
          "track": {
            "trackName": "Memories",
            "artistName": "Shawn Mendes",
            "albumName": "Handwritten (Revisited)"
          },
          "episode": null,
          "localTrack": null
        },
        {
          "track": {
            "trackName": "All Falls Down (feat. Juliander)",
            "artistName": "Alan Walker",
            "albumName": "All Falls Down (feat. Juliander)"
          },
          "episode": null,
          "localTrack": null
        },
        {
          "track": {
            "trackName": "So Far Away (feat. Jamie Scott & Romy Dya)",
            "artistName": "Martin Garrix",
            "albumName": "So Far Away (feat. Jamie Scott & Romy Dya)"
          },
          "episode": null,
          "localTrack": null
        },
        {
          "track": {
            "trackName": "This Is Me",
            "artistName": "Keala Settle",
            "albumName": "This Is Me"
          },
          "episode": null,
          "localTrack": null
        },
        {
          "track": {
            "trackName": "Rewrite The Stars",
            "artistName": "Zac Efron",
            "albumName": "Rewrite The Stars"
          },
          "episode": null,
          "localTrack": null
        },
        {
          "track": {
            "trackName": "A Million Dreams",
            "artistName": "Ziv Zaifman",
            "albumName": "The Greatest Showman (Original Motion Picture Soundtrack)"
          },
          "episode": null,
          "localTrack": null
        },
        {
          "track": {
            "trackName": "I Like Me Better",
            "artistName": "Lauv",
            "albumName": "I Like Me Better"
          },
          "episode": null,
          "localTrack": null
        },
        {
          "track": {
            "trackName": "Never Enough",
            "artistName": "Loren Allred",
            "albumName": "The Greatest Showman (Original Motion Picture Soundtrack)"
          },
          "episode": null,
          "localTrack": null
        },
        {
          "track": {
            "trackName": "The Greatest Show",
            "artistName": "Hugh Jackman",
            "albumName": "The Greatest Show"
          },
          "episode": null,
          "localTrack": null
        },
        {
          "track": {
            "trackName": "Lonely Together (feat. Rita Ora)",
            "artistName": "Avicii",
            "albumName": "AVĪCI"
          },
          "episode": null,
          "localTrack": null
        },
        {
          "track": {
            "trackName": "Gorgeous",
            "artistName": "Taylor Swift",
            "albumName": "reputation"
          },
          "episode": null,
          "localTrack": null
        },
        {
          "track": {
            "trackName": "Satu",
            "artistName": "GAC (Gamaliél Audrey Cantika)",
            "albumName": "Satu"
          },
          "episode": null,
          "localTrack": null
        },
        {
          "track": {
            "trackName": "More Than You Know",
            "artistName": "Axwell /\\ Ingrosso",
            "albumName": "More Than You Know"
          },
          "episode": null,
          "localTrack": null
        },
        {
          "track": {
            "trackName": "What Lovers Do (feat. SZA)",
            "artistName": "Maroon 5",
            "albumName": "What Lovers Do (feat. SZA)"
          },
          "episode": null,
          "localTrack": null
        },
        {
          "track": {
            "trackName": "How Long",
            "artistName": "Charlie Puth",
            "albumName": "How Long"
          },
          "episode": null,
          "localTrack": null
        },
        {
          "track": {
            "trackName": "Muara",
            "artistName": "Adera",
            "albumName": "Muara"
          },
          "episode": null,
          "localTrack": null
        },
        {
          "track": {
            "trackName": "Remaja",
            "artistName": "Hivi!",
            "albumName": "Kereta Kencan"
          },
          "episode": null,
          "localTrack": null
        },
        {
          "track": {
            "trackName": "Attention",
            "artistName": "Charlie Puth",
            "albumName": "Attention"
          },
          "episode": null,
          "localTrack": null
        },
        {
          "track": {
            "trackName": "Kau Yang Sembunyi",
            "artistName": "Hanin Dhiya",
            "albumName": "Kau Yang Sembunyi"
          },
          "episode": null,
          "localTrack": null
        },
        {
          "track": {
            "trackName": "Catatan Kecil",
            "artistName": "Adera",
            "albumName": "Catatan Kecil"
          },
          "episode": null,
          "localTrack": null
        },
        {
          "track": {
            "trackName": "Coming Home",
            "artistName": "Sheppard",
            "albumName": "Coming Home"
          },
          "episode": null,
          "localTrack": null
        },
        {
          "track": {
            "trackName": "Lost In Japan",
            "artistName": "Shawn Mendes",
            "albumName": "Lost In Japan"
          },
          "episode": null,
          "localTrack": null
        },
        {
          "track": {
            "trackName": "Where Were You In The Morning?",
            "artistName": "Shawn Mendes",
            "albumName": "Where Were You In The Morning?"
          },
          "episode": null,
          "localTrack": null
        },
        {
          "track": {
            "trackName": "Teduhnya Wanita",
            "artistName": "Raisa",
            "albumName": "Teduhnya Wanita"
          },
          "episode": null,
          "localTrack": null
        },
        {
          "track": {
            "trackName": "Memories",
            "artistName": "Shawn Mendes",
            "albumName": "Handwritten (Revisited)"
          },
          "episode": null,
          "localTrack": null
        },
        {
          "track": {
            "trackName": "Colour",
            "artistName": "MNEK",
            "albumName": "Colour"
          },
          "episode": null,
          "localTrack": null
        },
        {
          "track": {
            "trackName": "Let Me Go (with Alesso, Florida Georgia Line & watt)",
            "artistName": "Hailee Steinfeld",
            "albumName": "Let Me Go (with Alesso, Florida Georgia Line & watt)"
          },
          "episode": null,
          "localTrack": null
        },
        {
          "track": {
            "trackName": "Monokrom",
            "artistName": "Tulus",
            "albumName": "Monokrom"
          },
          "episode": null,
          "localTrack": null
        },
        {
          "track": {
            "trackName": "How Does A Moment Last Forever",
            "artistName": "Céline Dion",
            "albumName": "Beauty and the Beast"
          },
          "episode": null,
          "localTrack": null
        },
        {
          "track": {
            "trackName": "Come Alive",
            "artistName": "Hugh Jackman",
            "albumName": "The Greatest Showman (Original Motion Picture Soundtrack)"
          },
          "episode": null,
          "localTrack": null
        }
      ],
      "description": null,
      "numberOfFollowers": 0
    }
  ]
}