[
  {
    "platform" : "DESKTOP",
    "searchTime" : "2020-08-31T06:49:50.493Z[UTC]",
    "searchQuery" : "nino",
    "searchInteractionURIs" : [
      "spotify:artist:41p2nQeIOh8tBencY7GP91"
    ]
  },
  {
    "platform" : "DESKTOP",
    "searchTime" : "2020-08-31T08:12:41.727Z[UTC]",
    "searchQuery" : "laleili",
    "searchInteractionURIs" : [
      "spotify:playlist:2NQWG752tZXqYsdlvFEzGN"
    ]
  },
  {
    "platform" : "DESKTOP",
    "searchTime" : "2020-08-31T09:32:55.646Z[UTC]",
    "searchQuery" : "chandra darusman",
    "searchInteractionURIs" : [
    ]
  },
  {
    "platform" : "DESKTOP",
    "searchTime" : "2020-08-31T09:33:09.463Z[UTC]",
    "searchQuery" : "kafin sulthan",
    "searchInteractionURIs" : [
      "spotify:artist:59etqRZfBHKypG44RjjDCq"
    ]
  },
  {
    "platform" : "DESKTOP",
    "searchTime" : "2020-08-31T09:34:20.271Z[UTC]",
    "searchQuery" : "rafi sudirman",
    "searchInteractionURIs" : [
      "spotify:artist:0IJToD6h0XzZMzlgJ5kdhk"
    ]
  },
  {
    "platform" : "DESKTOP",
    "searchTime" : "2020-09-01T01:12:24.649Z[UTC]",
    "searchQuery" : "welcome to premium",
    "searchInteractionURIs" : [
      "spotify:playlist:37i9dQZF1DX9jVKQ9Qb4yD"
    ]
  },
  {
    "platform" : "DESKTOP",
    "searchTime" : "2020-09-01T01:25:27.837Z[UTC]",
    "searchQuery" : "welcome to premium",
    "searchInteractionURIs" : [
      "spotify:playlist:37i9dQZF1DX9jVKQ9Qb4yD"
    ]
  },
  {
    "platform" : "DESKTOP",
    "searchTime" : "2020-09-01T01:39:17.964Z[UTC]",
    "searchQuery" : "welcome to premium",
    "searchInteractionURIs" : [
      "spotify:playlist:37i9dQZF1DX9jVKQ9Qb4yD"
    ]
  },
  {
    "platform" : "DESKTOP",
    "searchTime" : "2020-09-01T01:39:28.002Z[UTC]",
    "searchQuery" : "kemenangn",
    "searchInteractionURIs" : [
      "spotify:track:5SJIhxAUBwHuMxHCvkz8Yo"
    ]
  },
  {
    "platform" : "DESKTOP",
    "searchTime" : "2020-09-01T01:43:21.569Z[UTC]",
    "searchQuery" : "welcome to premiu",
    "searchInteractionURIs" : [
    ]
  },
  {
    "platform" : "DESKTOP",
    "searchTime" : "2020-09-01T01:51:55.095Z[UTC]",
    "searchQuery" : "gemintang hati",
    "searchInteractionURIs" : [
      "spotify:track:3FeBeuuYR8Rz10U5d69Y82",
      "spotify:track:3wC2GeJd3Ar4Wi1u5G7FUR"
    ]
  },
  {
    "platform" : "DESKTOP",
    "searchTime" : "2020-09-01T13:25:37.016Z[UTC]",
    "searchQuery" : "asian games 2018",
    "searchInteractionURIs" : [
      "spotify:playlist:357aIH8qQ8N1uoehFj3Dy2",
      "spotify:playlist:2SULGxDY0wewKmugOSuVty"
    ]
  },
  {
    "platform" : "DESKTOP",
    "searchTime" : "2020-09-03T01:28:00.681Z[UTC]",
    "searchQuery" : "asian games",
    "searchInteractionURIs" : [
      "spotify:track:3tW06xdsCnCM3XKfJ5YQML",
      "spotify:album:436v53cab6riHW7uVKeZJE",
      "spotify:playlist:357aIH8qQ8N1uoehFj3Dy2",
      "spotify:track:23J2U9zCiVAIFBcBcjZN51"
    ]
  },
  {
    "platform" : "ANDROID_ARM",
    "searchTime" : "2020-09-05T02:38:51.295Z[UTC]",
    "searchQuery" : "data acience",
    "searchInteractionURIs" : [
      "spotify:show:356i7xRQBUFukuL25UKsf1"
    ]
  },
  {
    "platform" : "ANDROID_ARM",
    "searchTime" : "2020-09-05T03:13:22.968Z[UTC]",
    "searchQuery" : "destanya spesial 17an",
    "searchInteractionURIs" : [
      "spotify:playlist:37i9dQZF1DWVZAA5VKjSjd"
    ]
  },
  {
    "platform" : "ANDROID_ARM",
    "searchTime" : "2020-09-05T03:13:51.437Z[UTC]",
    "searchQuery" : "spesial 17an",
    "searchInteractionURIs" : [
      "spotify:playlist:37i9dQZF1DX4N5wsU7ra3U",
      "spotify:playlist:37i9dQZF1DXd3TDteTqUSn"
    ]
  },
  {
    "platform" : "DESKTOP",
    "searchTime" : "2020-09-06T16:11:19.100Z[UTC]",
    "searchQuery" : "rapuh agnez mo",
    "searchInteractionURIs" : [
      "spotify:track:2gJZ7Mh2QTFcF6hwDM1R2d",
      "spotify:track:2gJZ7Mh2QTFcF6hwDM1R2d",
      "spotify:track:2gJZ7Mh2QTFcF6hwDM1R2d"
    ]
  },
  {
    "platform" : "DESKTOP",
    "searchTime" : "2020-09-08T08:15:18.539Z[UTC]",
    "searchQuery" : "cinta indonesia",
    "searchInteractionURIs" : [
      "spotify:track:1kDg7pInRQBGJczvJkfQ3q"
    ]
  },
  {
    "platform" : "DESKTOP",
    "searchTime" : "2020-09-08T08:33:28.687Z[UTC]",
    "searchQuery" : "cinta indo",
    "searchInteractionURIs" : [
      "spotify:track:1kDg7pInRQBGJczvJkfQ3q"
    ]
  },
  {
    "platform" : "DESKTOP",
    "searchTime" : "2020-09-12T10:50:07.212Z[UTC]",
    "searchQuery" : "michael frank",
    "searchInteractionURIs" : [
      "spotify:playlist:37i9dQZF1DZ06evO0hKgsk",
      "spotify:playlist:37i9dQZF1DZ06evO0hKgsk"
    ]
  },
  {
    "platform" : "DESKTOP",
    "searchTime" : "2020-09-14T07:10:03.645Z[UTC]",
    "searchQuery" : "born to love you",
    "searchInteractionURIs" : [
      "spotify:track:4L7vXannxnwhcLTRHY7f6I"
    ]
  },
  {
    "platform" : "ANDROID_ARM",
    "searchTime" : "2020-09-14T11:01:05.622Z[UTC]",
    "searchQuery" : "born to love you",
    "searchInteractionURIs" : [
      "spotify:track:4L7vXannxnwhcLTRHY7f6I",
      ""
    ]
  },
  {
    "platform" : "DESKTOP",
    "searchTime" : "2020-09-15T01:56:42.477Z[UTC]",
    "searchQuery" : "michael frank",
    "searchInteractionURIs" : [
      "spotify:playlist:37i9dQZF1DZ06evO0hKgsk"
    ]
  },
  {
    "platform" : "DESKTOP",
    "searchTime" : "2020-09-15T10:01:58.631Z[UTC]",
    "searchQuery" : "whitney houston",
    "searchInteractionURIs" : [
      "spotify:playlist:37i9dQZF1DX8mAKxELU4b0"
    ]
  },
  {
    "platform" : "DESKTOP",
    "searchTime" : "2020-09-15T10:16:54.360Z[UTC]",
    "searchQuery" : "celine dion",
    "searchInteractionURIs" : [
      "spotify:playlist:37i9dQZF1DXdOYaQbQdKhT"
    ]
  },
  {
    "platform" : "ANDROID_ARM",
    "searchTime" : "2020-09-15T16:33:14.436Z[UTC]",
    "searchQuery" : "hbr cold call",
    "searchInteractionURIs" : [
      "spotify:show:46CKPLdsBl6MhPqF1gcswv",
      "spotify:episode:4D5LwOA9H9VEsC3h9hvNrH"
    ]
  },
  {
    "platform" : "ANDROID_ARM",
    "searchTime" : "2020-09-15T16:35:02.341Z[UTC]",
    "searchQuery" : "hbr exponenti",
    "searchInteractionURIs" : [
      "spotify:show:4euXUXWbt18zikpUvFl21q",
      ""
    ]
  },
  {
    "platform" : "ANDROID_ARM",
    "searchTime" : "2020-09-15T16:35:16.171Z[UTC]",
    "searchQuery" : "podkesmas",
    "searchInteractionURIs" : [
      "spotify:show:1H0iGB2cfkYoTAEKwMcmHr"
    ]
  },
  {
    "platform" : "DESKTOP",
    "searchTime" : "2020-09-16T03:00:07.432Z[UTC]",
    "searchQuery" : "disney",
    "searchInteractionURIs" : [
      "spotify:playlist:37i9dQZF1DX8C9xQcOrE6T"
    ]
  },
  {
    "platform" : "DESKTOP",
    "searchTime" : "2020-09-16T07:02:50.838Z[UTC]",
    "searchQuery" : "born to love you",
    "searchInteractionURIs" : [
      "spotify:track:37u8VVnlfOWZbC4bl4c3wz"
    ]
  },
  {
    "platform" : "DESKTOP",
    "searchTime" : "2020-09-16T07:09:08.188Z[UTC]",
    "searchQuery" : "born to love you",
    "searchInteractionURIs" : [
      "spotify:track:4L7vXannxnwhcLTRHY7f6I"
    ]
  },
  {
    "platform" : "DESKTOP",
    "searchTime" : "2020-09-17T04:06:47.114Z[UTC]",
    "searchQuery" : "making a lover ss501",
    "searchInteractionURIs" : [
      "spotify:playlist:1etEiC8F7vWKmWZGAqATcx",
      "spotify:playlist:1etEiC8F7vWKmWZGAqATcx"
    ]
  },
  {
    "platform" : "DESKTOP",
    "searchTime" : "2020-09-17T04:08:23.192Z[UTC]",
    "searchQuery" : "viral tiktok",
    "searchInteractionURIs" : [
      "spotify:playlist:5nIgRjJEDmJ2fkGZp9wWpq"
    ]
  },
  {
    "platform" : "DESKTOP",
    "searchTime" : "2020-09-17T07:50:00.460Z[UTC]",
    "searchQuery" : "hivi",
    "searchInteractionURIs" : [
      "spotify:artist:4ubEZ6sMsrrbQChueyouCC"
    ]
  },
  {
    "platform" : "DESKTOP",
    "searchTime" : "2020-09-17T09:33:40.993Z[UTC]",
    "searchQuery" : "noah mimpi",
    "searchInteractionURIs" : [
      "spotify:track:4pYoEjMfIyjVk1y2t5XVCn"
    ]
  },
  {
    "platform" : "ANDROID_ARM",
    "searchTime" : "2020-09-18T00:27:38.420Z[UTC]",
    "searchQuery" : "lo",
    "searchInteractionURIs" : [
      ""
    ]
  },
  {
    "platform" : "ANDROID_ARM",
    "searchTime" : "2020-09-18T00:27:43.213Z[UTC]",
    "searchQuery" : "olivia pardede",
    "searchInteractionURIs" : [
      "spotify:artist:2cuE5tGqzoDkpipSAmWhsD",
      ""
    ]
  },
  {
    "platform" : "ANDROID_ARM",
    "searchTime" : "2020-09-18T00:28:25.460Z[UTC]",
    "searchQuery" : "novia bachmid",
    "searchInteractionURIs" : [
      "spotify:track:2tlYlKlLdoZENLKwz1wstb",
      ""
    ]
  },
  {
    "platform" : "ANDROID_ARM",
    "searchTime" : "2020-09-18T00:50:34.559Z[UTC]",
    "searchQuery" : "lale",
    "searchInteractionURIs" : [
      "spotify:playlist:2NQWG752tZXqYsdlvFEzGN"
    ]
  },
  {
    "platform" : "DESKTOP",
    "searchTime" : "2020-09-18T07:51:10.143Z[UTC]",
    "searchQuery" : "lale",
    "searchInteractionURIs" : [
      "spotify:playlist:2NQWG752tZXqYsdlvFEzGN",
      "spotify:playlist:2NQWG752tZXqYsdlvFEzGN"
    ]
  },
  {
    "platform" : "DESKTOP",
    "searchTime" : "2020-09-18T07:51:11.232Z[UTC]",
    "searchQuery" : "laleilm",
    "searchInteractionURIs" : [
      "spotify:playlist:2NQWG752tZXqYsdlvFEzGN",
      "spotify:playlist:2NQWG752tZXqYsdlvFEzGN",
      "spotify:playlist:2NQWG752tZXqYsdlvFEzGN",
      "spotify:playlist:2NQWG752tZXqYsdlvFEzGN",
      "spotify:playlist:2NQWG752tZXqYsdlvFEzGN",
      "spotify:playlist:2NQWG752tZXqYsdlvFEzGN",
      "spotify:playlist:2NQWG752tZXqYsdlvFEzGN",
      "spotify:playlist:2NQWG752tZXqYsdlvFEzGN",
      "spotify:track:1jnWfZjluNM6ZIa2LZlENv",
      "spotify:playlist:2NQWG752tZXqYsdlvFEzGN",
      "spotify:playlist:2NQWG752tZXqYsdlvFEzGN",
      "spotify:playlist:2NQWG752tZXqYsdlvFEzGN",
      "spotify:playlist:2NQWG752tZXqYsdlvFEzGN"
    ]
  },
  {
    "platform" : "DESKTOP",
    "searchTime" : "2020-09-18T08:12:41.465Z[UTC]",
    "searchQuery" : "kemen",
    "searchInteractionURIs" : [
      "spotify:track:5SJIhxAUBwHuMxHCvkz8Yo",
      "spotify:track:5SJIhxAUBwHuMxHCvkz8Yo"
    ]
  },
  {
    "platform" : "ANDROID_ARM",
    "searchTime" : "2020-09-20T04:53:13.790Z[UTC]",
    "searchQuery" : "vg yerikho",
    "searchInteractionURIs" : [
      "spotify:artist:3oMxdzx7E3x6e6lsneTsYD",
      "spotify:artist:3aDPZkGvrIePtdXGSwIQUP"
    ]
  },
  {
    "platform" : "DESKTOP",
    "searchTime" : "2020-09-21T03:22:15.614Z[UTC]",
    "searchQuery" : "ingin jatuh cinta",
    "searchInteractionURIs" : [
      "spotify:track:2tlYlKlLdoZENLKwz1wstb"
    ]
  },
  {
    "platform" : "DESKTOP",
    "searchTime" : "2020-09-21T07:41:50.306Z[UTC]",
    "searchQuery" : "reza artemevia",
    "searchInteractionURIs" : [
      "spotify:artist:6ZKqWNmLTzV5kMwIh3VeVF"
    ]
  },
  {
    "platform" : "DESKTOP",
    "searchTime" : "2020-09-22T05:10:37.722Z[UTC]",
    "searchQuery" : "jali jali",
    "searchInteractionURIs" : [
      "spotify:track:0Hcdmca6dOCW19mykElVbv"
    ]
  },
  {
    "platform" : "DESKTOP",
    "searchTime" : "2020-09-22T05:13:00.645Z[UTC]",
    "searchQuery" : "kicir kicir",
    "searchInteractionURIs" : [
      "spotify:track:65hcb2TaVeGU2i08uFiQjV"
    ]
  },
  {
    "platform" : "DESKTOP",
    "searchTime" : "2020-09-22T08:11:52.536Z[UTC]",
    "searchQuery" : "kekasih bayang",
    "searchInteractionURIs" : [
      "spotify:track:3BErcieh7kIQIMq64vEbCY"
    ]
  },
  {
    "platform" : "DESKTOP",
    "searchTime" : "2020-09-23T01:29:22.947Z[UTC]",
    "searchQuery" : "jpcc",
    "searchInteractionURIs" : [
      "spotify:artist:4GKPfwrzMoTyu7bYd4aqU1"
    ]
  },
  {
    "platform" : "DESKTOP",
    "searchTime" : "2020-09-23T01:29:47.570Z[UTC]",
    "searchQuery" : "sidney",
    "searchInteractionURIs" : [
      "spotify:artist:36ZMtmWdLBu6UVikPvT6LA"
    ]
  },
  {
    "platform" : "DESKTOP",
    "searchTime" : "2020-09-24T07:08:53.664Z[UTC]",
    "searchQuery" : "laleiml",
    "searchInteractionURIs" : [
    ]
  },
  {
    "platform" : "DESKTOP",
    "searchTime" : "2020-09-24T07:08:56.203Z[UTC]",
    "searchQuery" : "hivi",
    "searchInteractionURIs" : [
      "",
      "spotify:artist:4ubEZ6sMsrrbQChueyouCC"
    ]
  },
  {
    "platform" : "DESKTOP",
    "searchTime" : "2020-09-24T08:25:30.715Z[UTC]",
    "searchQuery" : "rapsodi",
    "searchInteractionURIs" : [
      "spotify:track:0WwLkbYBjwPYoEKegzOYVu"
    ]
  },
  {
    "platform" : "DESKTOP",
    "searchTime" : "2020-09-25T06:37:56.440Z[UTC]",
    "searchQuery" : "risalah hati",
    "searchInteractionURIs" : [
      "spotify:track:0cc9lgdfHqeS8t9BzbFFmj"
    ]
  },
  {
    "platform" : "DESKTOP",
    "searchTime" : "2020-09-28T09:15:15.530Z[UTC]",
    "searchQuery" : "isyana",
    "searchInteractionURIs" : [
      "spotify:artist:05CRzFTp7TouOXPuH6Tapu"
    ]
  },
  {
    "platform" : "ANDROID_ARM",
    "searchTime" : "2020-09-29T00:47:29.791Z[UTC]",
    "searchQuery" : "dewa 19",
    "searchInteractionURIs" : [
      "spotify:playlist:37i9dQZF1DX7a4NCzIrIfF",
      "spotify:playlist:3GhYLDdqem0WEe0P2Z6y37"
    ]
  },
  {
    "platform" : "DESKTOP",
    "searchTime" : "2020-09-29T06:45:20.257Z[UTC]",
    "searchQuery" : "reflection",
    "searchInteractionURIs" : [
      "spotify:track:3pmn2D8yHs7KlDTleuGwlF"
    ]
  },
  {
    "platform" : "DESKTOP",
    "searchTime" : "2020-09-29T06:52:46.773Z[UTC]",
    "searchQuery" : "i can't wait",
    "searchInteractionURIs" : [
      "spotify:track:0X6urbVPZcWoeb68fTsmV3"
    ]
  },
  {
    "platform" : "DESKTOP",
    "searchTime" : "2020-09-29T12:21:08.682Z[UTC]",
    "searchQuery" : "de",
    "searchInteractionURIs" : [
    ]
  },
  {
    "platform" : "DESKTOP",
    "searchTime" : "2020-09-29T12:21:38.003Z[UTC]",
    "searchQuery" : "xwnvyey=",
    "searchInteractionURIs" : [
    ]
  },
  {
    "platform" : "DESKTOP",
    "searchTime" : "2020-09-29T12:21:56.076Z[UTC]",
    "searchQuery" : "cemburu ",
    "searchInteractionURIs" : [
      "spotify:track:4huqghnepsIzBA01HfaAG3"
    ]
  },
  {
    "platform" : "DESKTOP",
    "searchTime" : "2020-09-29T12:45:03.695Z[UTC]",
    "searchQuery" : "cemburu ",
    "searchInteractionURIs" : [
    ]
  },
  {
    "platform" : "DESKTOP",
    "searchTime" : "2020-09-30T03:05:56.665Z[UTC]",
    "searchQuery" : "sidney mohede",
    "searchInteractionURIs" : [
    ]
  },
  {
    "platform" : "DESKTOP",
    "searchTime" : "2020-09-30T04:56:13.970Z[UTC]",
    "searchQuery" : "kub",
    "searchInteractionURIs" : [
      "spotify:track:7h06RuNmDUY4P2xKPhVVZh"
    ]
  },
  {
    "platform" : "DESKTOP",
    "searchTime" : "2020-09-30T08:56:26.986Z[UTC]",
    "searchQuery" : "tori kelly",
    "searchInteractionURIs" : [
      "spotify:playlist:37i9dQZF1DZ06evO0Q0LgA"
    ]
  },
  {
    "platform" : "DESKTOP",
    "searchTime" : "2020-09-30T09:02:27.932Z[UTC]",
    "searchQuery" : "SING origina",
    "searchInteractionURIs" : [
      "spotify:album:1K2Dd9iqt3uU2iOcJchGu5"
    ]
  },
  {
    "platform" : "DESKTOP",
    "searchTime" : "2020-10-01T01:14:28.864Z[UTC]",
    "searchQuery" : "radar",
    "searchInteractionURIs" : [
      "spotify:playlist:37i9dQZF1DWYxUz0Ouugmb"
    ]
  },
  {
    "platform" : "DESKTOP",
    "searchTime" : "2020-10-01T01:15:03.711Z[UTC]",
    "searchQuery" : "make a lover",
    "searchInteractionURIs" : [
    ]
  },
  {
    "platform" : "ANDROID",
    "searchTime" : "2020-10-01T01:17:31.438Z[UTC]",
    "searchQuery" : "keisya",
    "searchInteractionURIs" : [
    ]
  },
  {
    "platform" : "ANDROID",
    "searchTime" : "2020-10-01T01:17:32.282Z[UTC]",
    "searchQuery" : "novia bachmid",
    "searchInteractionURIs" : [
    ]
  },
  {
    "platform" : "ANDROID",
    "searchTime" : "2020-10-01T01:18:08.449Z[UTC]",
    "searchQuery" : "olivia pardede",
    "searchInteractionURIs" : [
    ]
  },
  {
    "platform" : "ANDROID",
    "searchTime" : "2020-10-01T01:18:19.379Z[UTC]",
    "searchQuery" : "keisya",
    "searchInteractionURIs" : [
    ]
  },
  {
    "platform" : "DESKTOP",
    "searchTime" : "2020-10-01T08:39:36.941Z[UTC]",
    "searchQuery" : "make a lover",
    "searchInteractionURIs" : [
    ]
  },
  {
    "platform" : "DESKTOP",
    "searchTime" : "2020-10-01T08:40:45.393Z[UTC]",
    "searchQuery" : "still with you eric benet",
    "searchInteractionURIs" : [
      "spotify:track:2jyzwg8ZIXvzOI0zIGP9W7"
    ]
  },
  {
    "platform" : "DESKTOP",
    "searchTime" : "2020-10-01T08:41:07.113Z[UTC]",
    "searchQuery" : "brkn madison ryann",
    "searchInteractionURIs" : [
      "",
      "spotify:track:07gFabF2ePsmBM0Q3CYitT"
    ]
  },
  {
    "platform" : "DESKTOP",
    "searchTime" : "2020-10-01T08:55:21.213Z[UTC]",
    "searchQuery" : "brkn madison ryann",
    "searchInteractionURIs" : [
    ]
  },
  {
    "platform" : "DESKTOP",
    "searchTime" : "2020-10-01T08:55:36.722Z[UTC]",
    "searchQuery" : "kemenan",
    "searchInteractionURIs" : [
      "spotify:track:5SJIhxAUBwHuMxHCvkz8Yo"
    ]
  },
  {
    "platform" : "DESKTOP",
    "searchTime" : "2020-10-01T09:43:18.357Z[UTC]",
    "searchQuery" : "idol X",
    "searchInteractionURIs" : [
      "spotify:search:idol%20X:playlists",
      "spotify:search:idolX:playlists"
    ]
  },
  {
    "platform" : "DESKTOP",
    "searchTime" : "2020-10-01T09:43:53.783Z[UTC]",
    "searchQuery" : "idolX",
    "searchInteractionURIs" : [
    ]
  },
  {
    "platform" : "DESKTOP",
    "searchTime" : "2020-10-02T03:11:30.802Z[UTC]",
    "searchQuery" : "kenangan manis",
    "searchInteractionURIs" : [
      "spotify:track:1tS1dRfxIV9FzqdYTbJgMn",
      "spotify:track:1tS1dRfxIV9FzqdYTbJgMn"
    ]
  },
  {
    "platform" : "DESKTOP",
    "searchTime" : "2020-10-05T04:17:06.092Z[UTC]",
    "searchQuery" : "this is kahitna",
    "searchInteractionURIs" : [
      "spotify:playlist:37i9dQZF1DX0VlyXYWPKf4"
    ]
  },
  {
    "platform" : "DESKTOP",
    "searchTime" : "2020-10-05T04:17:25.584Z[UTC]",
    "searchQuery" : "this is yovie",
    "searchInteractionURIs" : [
      "spotify:playlist:2mw6adTr6grMHAHjZdriLb"
    ]
  },
  {
    "platform" : "DESKTOP",
    "searchTime" : "2020-10-05T04:17:38.677Z[UTC]",
    "searchQuery" : "yovie widianto",
    "searchInteractionURIs" : [
      "spotify:playlist:37i9dQZF1E4uxiS4oqV3Bf"
    ]
  },
  {
    "platform" : "DESKTOP",
    "searchTime" : "2020-10-05T06:34:26.517Z[UTC]",
    "searchQuery" : "tiktok hits",
    "searchInteractionURIs" : [
      "spotify:playlist:32qiOeKFKN80HbubNz9SZK"
    ]
  },
  {
    "platform" : "DESKTOP",
    "searchTime" : "2020-10-05T06:35:57.474Z[UTC]",
    "searchQuery" : "kopi dangdut",
    "searchInteractionURIs" : [
      "spotify:episode:6yItP8097hjfDSguw59cQX"
    ]
  },
  {
    "platform" : "DESKTOP",
    "searchTime" : "2020-10-05T07:24:07.820Z[UTC]",
    "searchQuery" : "java jazz",
    "searchInteractionURIs" : [
      "spotify:playlist:1WyOoydGpDgqT3PKkBGNzb"
    ]
  },
  {
    "platform" : "DESKTOP",
    "searchTime" : "2020-10-06T07:26:40.666Z[UTC]",
    "searchQuery" : "cinta luar biasa",
    "searchInteractionURIs" : [
    ]
  },
  {
    "platform" : "DESKTOP",
    "searchTime" : "2020-10-06T07:27:01.509Z[UTC]",
    "searchQuery" : "bukan cinta biasa",
    "searchInteractionURIs" : [
      "spotify:track:4arXMX7u6GSz4EJG92db1F"
    ]
  },
  {
    "platform" : "DESKTOP",
    "searchTime" : "2020-10-06T11:39:15.375Z[UTC]",
    "searchQuery" : "michael franks",
    "searchInteractionURIs" : [
      "spotify:playlist:37i9dQZF1DZ06evO0hKgsk"
    ]
  },
  {
    "platform" : "DESKTOP",
    "searchTime" : "2020-10-08T03:05:38.998Z[UTC]",
    "searchQuery" : "billie holliday",
    "searchInteractionURIs" : [
      "spotify:playlist:37i9dQZF1DZ06evO17hgFa"
    ]
  },
  {
    "platform" : "DESKTOP",
    "searchTime" : "2020-10-08T03:20:43.477Z[UTC]",
    "searchQuery" : "ella ",
    "searchInteractionURIs" : [
      "spotify:playlist:37i9dQZF1DXciLbPVkluM0"
    ]
  },
  {
    "platform" : "DESKTOP",
    "searchTime" : "2020-10-08T09:38:56.177Z[UTC]",
    "searchQuery" : "nikki ",
    "searchInteractionURIs" : [
      "spotify:playlist:37i9dQZF1E4tvkJPxsngCx",
      "",
      "spotify:playlist:37i9dQZF1DZ06evO0KFBne",
      "spotify:playlist:37i9dQZF1DX5OepaGriAIm"
    ]
  },
  {
    "platform" : "DESKTOP",
    "searchTime" : "2020-10-09T03:03:49.083Z[UTC]",
    "searchQuery" : "disney jazz",
    "searchInteractionURIs" : [
      "spotify:playlist:2RaYwAdQcNrGdNcVq1Lneb"
    ]
  },
  {
    "platform" : "DESKTOP",
    "searchTime" : "2020-10-09T03:26:49.682Z[UTC]",
    "searchQuery" : "women jazz",
    "searchInteractionURIs" : [
      "spotify:playlist:37i9dQZF1DX5OepaGriAIm"
    ]
  },
  {
    "platform" : "DESKTOP",
    "searchTime" : "2020-10-09T03:28:26.441Z[UTC]",
    "searchQuery" : "bossanova",
    "searchInteractionURIs" : [
      "spotify:playlist:0m1zY3HYq2UzFW7b4kgDCO"
    ]
  },
  {
    "platform" : "DESKTOP",
    "searchTime" : "2020-10-09T03:28:33.471Z[UTC]",
    "searchQuery" : "bosanova",
    "searchInteractionURIs" : [
      "spotify:search:bosanova:playlists"
    ]
  },
  {
    "platform" : "DESKTOP",
    "searchTime" : "2020-10-09T08:26:44.731Z[UTC]",
    "searchQuery" : "playlist bosanoba",
    "searchInteractionURIs" : [
      "",
      "spotify:album:1YDEjA2AA9iW2amppjWwnS"
    ]
  },
  {
    "platform" : "DESKTOP",
    "searchTime" : "2020-10-09T09:11:41.709Z[UTC]",
    "searchQuery" : "jazz",
    "searchInteractionURIs" : [
      "spotify:playlist:37i9dQZF1DXbOVU4mpMJjh",
      "spotify:track:5yC2SGUBMmsFaCN3l3ESMK"
    ]
  },
  {
    "platform" : "DESKTOP",
    "searchTime" : "2020-10-10T03:32:36.086Z[UTC]",
    "searchQuery" : "smooth jazz",
    "searchInteractionURIs" : [
      "spotify:playlist:37i9dQZF1DXdwTUxmGKrdN"
    ]
  },
  {
    "platform" : "DESKTOP",
    "searchTime" : "2020-10-10T03:39:51.518Z[UTC]",
    "searchQuery" : "smooth jazz",
    "searchInteractionURIs" : [
      "spotify:track:6wYRnQjbwisqv6AbVrIijD",
      "spotify:track:1c2PKEGAvb4tWFtH8h1ZiC"
    ]
  },
  {
    "platform" : "DESKTOP",
    "searchTime" : "2020-10-10T03:42:48.286Z[UTC]",
    "searchQuery" : "jazz bossanova",
    "searchInteractionURIs" : [
      "spotify:album:1nMHkGDJwTvoW3LTTdUVwA"
    ]
  },
  {
    "platform" : "DESKTOP",
    "searchTime" : "2020-10-10T08:03:51.057Z[UTC]",
    "searchQuery" : "study ",
    "searchInteractionURIs" : [
      "spotify:playlist:6N05aHELD8g8v4k3uja6ag",
      "spotify:search:study%20:playlists"
    ]
  },
  {
    "platform" : "DESKTOP",
    "searchTime" : "2020-10-11T09:24:10.605Z[UTC]",
    "searchQuery" : "endless love",
    "searchInteractionURIs" : [
      "spotify:track:5iwyLsQ5yjnCaRrJGyAPZM",
      "spotify:search:endless%20love:playlists",
      "spotify:track:5iwyLsQ5yjnCaRrJGyAPZM",
      "spotify:track:5iwyLsQ5yjnCaRrJGyAPZM"
    ]
  },
  {
    "platform" : "DESKTOP",
    "searchTime" : "2020-10-11T09:43:39.612Z[UTC]",
    "searchQuery" : "endless love",
    "searchInteractionURIs" : [
      "spotify:track:5iwyLsQ5yjnCaRrJGyAPZM"
    ]
  },
  {
    "platform" : "DESKTOP",
    "searchTime" : "2020-10-11T10:04:40.666Z[UTC]",
    "searchQuery" : "nat king cole",
    "searchInteractionURIs" : [
      "spotify:artist:7v4imS0moSyGdXyLgVTIV7"
    ]
  },
  {
    "platform" : "DESKTOP",
    "searchTime" : "2020-10-12T07:19:11.299Z[UTC]",
    "searchQuery" : "la la land",
    "searchInteractionURIs" : [
      "spotify:album:3GU8BzFEAdFSRjc8jZkL3S"
    ]
  },
  {
    "platform" : "DESKTOP",
    "searchTime" : "2020-10-12T07:25:50.726Z[UTC]",
    "searchQuery" : "meghan trainor",
    "searchInteractionURIs" : [
      "spotify:playlist:37i9dQZF1DZ06evO3YTug0"
    ]
  },
  {
    "platform" : "DESKTOP",
    "searchTime" : "2020-10-13T03:41:16.884Z[UTC]",
    "searchQuery" : "reza artamevia cinta kita",
    "searchInteractionURIs" : [
      "spotify:track:1mhaAsxjucUPmI2uMV3Hwa"
    ]
  },
  {
    "platform" : "DESKTOP",
    "searchTime" : "2020-10-13T03:49:42.791Z[UTC]",
    "searchQuery" : "reza artamevia cinta kita",
    "searchInteractionURIs" : [
    ]
  },
  {
    "platform" : "DESKTOP",
    "searchTime" : "2020-10-13T07:16:19.693Z[UTC]",
    "searchQuery" : "bossa nobva",
    "searchInteractionURIs" : [
    ]
  },
  {
    "platform" : "DESKTOP",
    "searchTime" : "2020-10-13T07:17:24.819Z[UTC]",
    "searchQuery" : "bossa nova",
    "searchInteractionURIs" : [
      "spotify:playlist:37i9dQZF1DX4AyFl3yqHeK",
      "spotify:playlist:37i9dQZF1DXardnHdSkglX",
      "spotify:playlist:37i9dQZF1DX4AyFl3yqHeK",
      "spotify:playlist:37i9dQZF1DXardnHdSkglX"
    ]
  },
  {
    "platform" : "DESKTOP",
    "searchTime" : "2020-10-13T08:13:16.358Z[UTC]",
    "searchQuery" : "celine dion",
    "searchInteractionURIs" : [
      "spotify:playlist:37i9dQZF1DXdOYaQbQdKhT"
    ]
  },
  {
    "platform" : "DESKTOP",
    "searchTime" : "2020-10-13T08:32:10.426Z[UTC]",
    "searchQuery" : "michael buble  when i fall in love",
    "searchInteractionURIs" : [
      "",
      "spotify:track:2b7XO47o117TqSfUd4kTQT"
    ]
  },
  {
    "platform" : "DESKTOP",
    "searchTime" : "2020-10-13T10:37:43.777Z[UTC]",
    "searchQuery" : "bossa",
    "searchInteractionURIs" : [
      "spotify:album:2towbkhxHCPKLsyQuealHv",
      "spotify:album:2towbkhxHCPKLsyQuealHv"
    ]
  },
  {
    "platform" : "DESKTOP",
    "searchTime" : "2020-10-14T17:22:49.238Z[UTC]",
    "searchQuery" : "phum",
    "searchInteractionURIs" : [
      "spotify:artist:5mqguTgtaoCMNMZD6txCh6"
    ]
  },
  {
    "platform" : "DESKTOP",
    "searchTime" : "2020-10-15T02:07:20.861Z[UTC]",
    "searchQuery" : "new york new york",
    "searchInteractionURIs" : [
    ]
  },
  {
    "platform" : "DESKTOP",
    "searchTime" : "2020-10-15T02:07:59.007Z[UTC]",
    "searchQuery" : "bukatalks",
    "searchInteractionURIs" : [
      "spotify:show:7qCwQV5gHVxu5kesdeIS7X"
    ]
  },
  {
    "platform" : "DESKTOP",
    "searchTime" : "2020-10-15T03:12:44.569Z[UTC]",
    "searchQuery" : "pj morton",
    "searchInteractionURIs" : [
      "spotify:playlist:37i9dQZF1DZ06evO1xhjGq"
    ]
  },
  {
    "platform" : "DESKTOP",
    "searchTime" : "2020-10-15T03:23:08.816Z[UTC]",
    "searchQuery" : "ziva magnolya",
    "searchInteractionURIs" : [
      "",
      "spotify:artist:2wZWkw5jo8P4NVonVanxYd"
    ]
  },
  {
    "platform" : "DESKTOP",
    "searchTime" : "2020-10-15T03:23:42.036Z[UTC]",
    "searchQuery" : "zivamagnolyaa",
    "searchInteractionURIs" : [
      "spotify:user:zivamagnolyaaa"
    ]
  },
  {
    "platform" : "DESKTOP",
    "searchTime" : "2020-10-15T04:19:01.363Z[UTC]",
    "searchQuery" : "lemonade",
    "searchInteractionURIs" : [
      "spotify:track:6Jt96y5MkmIH0b3B8t9IbX"
    ]
  },
  {
    "platform" : "DESKTOP",
    "searchTime" : "2020-10-15T04:24:09.825Z[UTC]",
    "searchQuery" : "lemonade",
    "searchInteractionURIs" : [
    ]
  },
  {
    "platform" : "DESKTOP",
    "searchTime" : "2020-10-15T07:09:59.932Z[UTC]",
    "searchQuery" : "how ",
    "searchInteractionURIs" : [
      "spotify:track:2JoZzpdeP2G6Csfdq5aLXP"
    ]
  },
  {
    "platform" : "DESKTOP",
    "searchTime" : "2020-10-16T03:45:43.373Z[UTC]",
    "searchQuery" : "afgan",
    "searchInteractionURIs" : [
      "spotify:playlist:37i9dQZF1DXbtm0qutWaYc"
    ]
  },
  {
    "platform" : "DESKTOP",
    "searchTime" : "2020-10-16T04:31:51.157Z[UTC]",
    "searchQuery" : "afgan",
    "searchInteractionURIs" : [
    ]
  },
  {
    "platform" : "DESKTOP",
    "searchTime" : "2020-10-16T04:39:27.373Z[UTC]",
    "searchQuery" : "whitney h",
    "searchInteractionURIs" : [
      "spotify:playlist:37i9dQZF1DX8mAKxELU4b0"
    ]
  },
  {
    "platform" : "DESKTOP",
    "searchTime" : "2020-10-16T05:15:25.649Z[UTC]",
    "searchQuery" : "make it with you",
    "searchInteractionURIs" : [
      "spotify:track:7wWw7hBmErNg9u5w6Xx0vy"
    ]
  },
  {
    "platform" : "DESKTOP",
    "searchTime" : "2020-10-16T07:52:01.019Z[UTC]",
    "searchQuery" : "narasi hidup the overtunes",
    "searchInteractionURIs" : [
    ]
  },
  {
    "platform" : "DESKTOP",
    "searchTime" : "2020-10-16T07:52:05.009Z[UTC]",
    "searchQuery" : "takkan kemana",
    "searchInteractionURIs" : [
      "spotify:artist:3t4MHnVggiFLOuSSh4odBk"
    ]
  },
  {
    "platform" : "DESKTOP",
    "searchTime" : "2020-10-16T07:54:54.639Z[UTC]",
    "searchQuery" : "before you go",
    "searchInteractionURIs" : [
      "spotify:track:7ce20yLkzuXXLUhzIDoZih"
    ]
  },
  {
    "platform" : "DESKTOP",
    "searchTime" : "2020-10-16T07:55:31.960Z[UTC]",
    "searchQuery" : "why",
    "searchInteractionURIs" : [
      "spotify:track:3XeqINnregzwBJNg7RyyH4"
    ]
  },
  {
    "platform" : "DESKTOP",
    "searchTime" : "2020-10-16T07:59:44.716Z[UTC]",
    "searchQuery" : "location u",
    "searchInteractionURIs" : [
      "spotify:track:43kiDtoYD0nDJYxzQwclpT"
    ]
  },
  {
    "platform" : "DESKTOP",
    "searchTime" : "2020-10-16T08:02:22.432Z[UTC]",
    "searchQuery" : "why",
    "searchInteractionURIs" : [
    ]
  },
  {
    "platform" : "DESKTOP",
    "searchTime" : "2020-10-16T08:03:00.776Z[UTC]",
    "searchQuery" : "indonesia terbaik",
    "searchInteractionURIs" : [
      "",
      "spotify:playlist:0YwsIE2snT3jzhdojbvibe"
    ]
  },
  {
    "platform" : "DESKTOP",
    "searchTime" : "2020-10-16T09:12:29.383Z[UTC]",
    "searchQuery" : "bossa ",
    "searchInteractionURIs" : [
      "spotify:album:2towbkhxHCPKLsyQuealHv",
      "spotify:album:2towbkhxHCPKLsyQuealHv"
    ]
  },
  {
    "platform" : "DESKTOP",
    "searchTime" : "2020-10-16T09:12:29.797Z[UTC]",
    "searchQuery" : "bossa nova",
    "searchInteractionURIs" : [
      "spotify:playlist:37i9dQZF1DX4AyFl3yqHeK"
    ]
  },
  {
    "platform" : "DESKTOP",
    "searchTime" : "2020-10-17T09:45:10.586Z[UTC]",
    "searchQuery" : "indonesia te",
    "searchInteractionURIs" : [
      "spotify:playlist:0YwsIE2snT3jzhdojbvibe"
    ]
  },
  {
    "platform" : "DESKTOP",
    "searchTime" : "2020-10-18T05:50:21.186Z[UTC]",
    "searchQuery" : "isyana",
    "searchInteractionURIs" : [
      "spotify:artist:05CRzFTp7TouOXPuH6Tapu"
    ]
  },
  {
    "platform" : "DESKTOP",
    "searchTime" : "2020-10-18T06:24:07.584Z[UTC]",
    "searchQuery" : "together whatever",
    "searchInteractionURIs" : [
      "spotify:track:3ZZZd2xUwfsqrNgIWdqPGC"
    ]
  },
  {
    "platform" : "DESKTOP",
    "searchTime" : "2020-10-18T06:25:02.198Z[UTC]",
    "searchQuery" : "this is celine dion",
    "searchInteractionURIs" : [
      "spotify:playlist:37i9dQZF1DXdOYaQbQdKhT"
    ]
  },
  {
    "platform" : "DESKTOP",
    "searchTime" : "2020-10-18T06:26:58.899Z[UTC]",
    "searchQuery" : "mistikus cinta",
    "searchInteractionURIs" : [
      "spotify:track:50eBgQYY23rTTIoHVDuSIw"
    ]
  },
  {
    "platform" : "DESKTOP",
    "searchTime" : "2020-10-18T06:34:33.689Z[UTC]",
    "searchQuery" : "disney raisa",
    "searchInteractionURIs" : [
      "spotify:track:7cDWrrKN0ZD5EAU3LoXAGI"
    ]
  },
  {
    "platform" : "DESKTOP",
    "searchTime" : "2020-10-18T06:41:28.580Z[UTC]",
    "searchQuery" : "bossa nova",
    "searchInteractionURIs" : [
      "spotify:album:2towbkhxHCPKLsyQuealHv"
    ]
  },
  {
    "platform" : "DESKTOP",
    "searchTime" : "2020-10-18T06:42:21.787Z[UTC]",
    "searchQuery" : "jazz instrumen",
    "searchInteractionURIs" : [
      "spotify:track:3y7VQbQHX2AJ6OHX93xbmf"
    ]
  },
  {
    "platform" : "DESKTOP",
    "searchTime" : "2020-10-18T06:47:27.645Z[UTC]",
    "searchQuery" : "jazz instrumen",
    "searchInteractionURIs" : [
      "spotify:track:4gTTvL7X9r7D3rh3wUGdhs",
      "spotify:album:3QzIfZSdjJ7PdKBnaeKRxk",
      "spotify:album:3QzIfZSdjJ7PdKBnaeKRxk"
    ]
  },
  {
    "platform" : "DESKTOP",
    "searchTime" : "2020-10-18T07:35:01.528Z[UTC]",
    "searchQuery" : "jazz instrumen",
    "searchInteractionURIs" : [
    ]
  },
  {
    "platform" : "DESKTOP",
    "searchTime" : "2020-10-18T07:38:11.328Z[UTC]",
    "searchQuery" : "disney",
    "searchInteractionURIs" : [
      "spotify:playlist:37i9dQZF1DX0zmsulfyDdq",
      "spotify:playlist:37i9dQZF1DX1AS8edutPQk",
      "spotify:playlist:37i9dQZF1DX1AS8edutPQk"
    ]
  },
  {
    "platform" : "DESKTOP",
    "searchTime" : "2020-10-18T08:19:32.716Z[UTC]",
    "searchQuery" : "disney",
    "searchInteractionURIs" : [
    ]
  },
  {
    "platform" : "DESKTOP",
    "searchTime" : "2020-10-18T14:36:06.042Z[UTC]",
    "searchQuery" : "disney",
    "searchInteractionURIs" : [
      "spotify:playlist:37i9dQZF1DX7fSR8DYMKM2"
    ]
  },
  {
    "platform" : "DESKTOP",
    "searchTime" : "2020-10-18T14:39:02.247Z[UTC]",
    "searchQuery" : "how do",
    "searchInteractionURIs" : [
    ]
  },
  {
    "platform" : "DESKTOP",
    "searchTime" : "2020-10-18T14:39:18.159Z[UTC]",
    "searchQuery" : "disney hi",
    "searchInteractionURIs" : [
      "spotify:playlist:37i9dQZF1DX8C9xQcOrE6T"
    ]
  },
  {
    "platform" : "DESKTOP",
    "searchTime" : "2020-10-18T14:39:32.169Z[UTC]",
    "searchQuery" : "how does a moment last forever",
    "searchInteractionURIs" : [
      "spotify:track:0CJvw1j88DGbvDhqmjJgc8",
      "spotify:track:0CJvw1j88DGbvDhqmjJgc8"
    ]
  },
  {
    "platform" : "DESKTOP",
    "searchTime" : "2020-10-18T14:48:15.735Z[UTC]",
    "searchQuery" : "how does a moment last forever",
    "searchInteractionURIs" : [
    ]
  },
  {
    "platform" : "DESKTOP",
    "searchTime" : "2020-10-19T03:52:59.451Z[UTC]",
    "searchQuery" : "reza ",
    "searchInteractionURIs" : [
      "spotify:artist:6ZKqWNmLTzV5kMwIh3VeVF"
    ]
  },
  {
    "platform" : "DESKTOP",
    "searchTime" : "2020-10-20T01:52:54.738Z[UTC]",
    "searchQuery" : "alffy rev",
    "searchInteractionURIs" : [
      "spotify:artist:4ekbsdaaJ825Uaf6kljkdv"
    ]
  },
  {
    "platform" : "DESKTOP",
    "searchTime" : "2020-10-20T02:25:14.395Z[UTC]",
    "searchQuery" : "anneth",
    "searchInteractionURIs" : [
      "spotify:artist:2UHBgxDvOBaIY7hQ8CEAmW"
    ]
  },
  {
    "platform" : "DESKTOP",
    "searchTime" : "2020-10-20T02:25:24.601Z[UTC]",
    "searchQuery" : "anneth ",
    "searchInteractionURIs" : [
      "spotify:artist:2UHBgxDvOBaIY7hQ8CEAmW"
    ]
  },
  {
    "platform" : "DESKTOP",
    "searchTime" : "2020-10-20T02:28:09.564Z[UTC]",
    "searchQuery" : "anneth delivia",
    "searchInteractionURIs" : [
    ]
  },
  {
    "platform" : "DESKTOP",
    "searchTime" : "2020-10-20T02:28:36.923Z[UTC]",
    "searchQuery" : "indonesia terbaik",
    "searchInteractionURIs" : [
      "spotify:playlist:0YwsIE2snT3jzhdojbvibe"
    ]
  },
  {
    "platform" : "DESKTOP",
    "searchTime" : "2020-10-20T03:39:23.978Z[UTC]",
    "searchQuery" : "mahaline",
    "searchInteractionURIs" : [
      "spotify:artist:3wOsYKZM0zcKNasi3I7fP4"
    ]
  },
  {
    "platform" : "DESKTOP",
    "searchTime" : "2020-10-20T03:39:35.808Z[UTC]",
    "searchQuery" : "nuca",
    "searchInteractionURIs" : [
      "spotify:artist:5x3nSujruZLuB6xBicI6Ai"
    ]
  },
  {
    "platform" : "DESKTOP",
    "searchTime" : "2020-10-21T05:25:13.861Z[UTC]",
    "searchQuery" : "agnezmo",
    "searchInteractionURIs" : [
    ]
  },
  {
    "platform" : "DESKTOP",
    "searchTime" : "2020-10-22T02:40:56.046Z[UTC]",
    "searchQuery" : "listen ",
    "searchInteractionURIs" : [
      "spotify:album:3rK8SJ37rtNA2LzFpXq9NX"
    ]
  },
  {
    "platform" : "DESKTOP",
    "searchTime" : "2020-10-22T03:16:44.651Z[UTC]",
    "searchQuery" : "ariana",
    "searchInteractionURIs" : [
      "spotify:playlist:37i9dQZF1DX1PfYnYcpw8w",
      "spotify:playlist:37i9dQZF1DXbcCmWfoUaw2"
    ]
  },
  {
    "platform" : "DESKTOP",
    "searchTime" : "2020-10-22T03:23:37.062Z[UTC]",
    "searchQuery" : "ariana",
    "searchInteractionURIs" : [
      "",
      "spotify:playlist:37i9dQZF1DXdLfF6pfs0Bt"
    ]
  },
  {
    "platform" : "DESKTOP",
    "searchTime" : "2020-10-22T07:51:40.500Z[UTC]",
    "searchQuery" : "ariana",
    "searchInteractionURIs" : [
    ]
  },
  {
    "platform" : "DESKTOP",
    "searchTime" : "2020-10-22T07:55:22.536Z[UTC]",
    "searchQuery" : "make it with you",
    "searchInteractionURIs" : [
      "spotify:track:7wWw7hBmErNg9u5w6Xx0vy"
    ]
  },
  {
    "platform" : "DESKTOP",
    "searchTime" : "2020-10-22T08:03:42.695Z[UTC]",
    "searchQuery" : "mac ayres easy",
    "searchInteractionURIs" : [
      "spotify:track:58dSdjfEYNSxte1aNVxuNf"
    ]
  },
  {
    "platform" : "DESKTOP",
    "searchTime" : "2020-10-22T08:20:29.702Z[UTC]",
    "searchQuery" : "mac ayres easy",
    "searchInteractionURIs" : [
    ]
  },
  {
    "platform" : "DESKTOP",
    "searchTime" : "2020-10-28T04:56:48.890Z[UTC]",
    "searchQuery" : "kunto aji",
    "searchInteractionURIs" : [
      "spotify:track:7mjO4RbTZIb1SfE8G673Lm"
    ]
  },
  {
    "platform" : "DESKTOP",
    "searchTime" : "2020-10-28T12:35:54.186Z[UTC]",
    "searchQuery" : "stand up for",
    "searchInteractionURIs" : [
      "spotify:track:1uZ4bE4uiUbpdkTFT7BhZB"
    ]
  },
  {
    "platform" : "ANDROID_ARM",
    "searchTime" : "2020-10-30T02:17:07.782Z[UTC]",
    "searchQuery" : "up beats",
    "searchInteractionURIs" : [
    ]
  },
  {
    "platform" : "ANDROID_ARM",
    "searchTime" : "2020-10-30T02:17:11.671Z[UTC]",
    "searchQuery" : "up ",
    "searchInteractionURIs" : [
      ""
    ]
  },
  {
    "platform" : "ANDROID_ARM",
    "searchTime" : "2020-10-30T02:17:13.649Z[UTC]",
    "searchQuery" : "work",
    "searchInteractionURIs" : [
      "spotify:playlist:37i9dQZF1DX70RN3TfWWJh"
    ]
  },
  {
    "platform" : "DESKTOP",
    "searchTime" : "2020-10-30T08:13:46.746Z[UTC]",
    "searchQuery" : "stand",
    "searchInteractionURIs" : [
      "spotify:track:1uZ4bE4uiUbpdkTFT7BhZB"
    ]
  },
  {
    "platform" : "DESKTOP",
    "searchTime" : "2020-10-30T08:19:03.981Z[UTC]",
    "searchQuery" : "stand",
    "searchInteractionURIs" : [
      "spotify:artist:1Y8cdNmUJH7yBTd9yOvr5i"
    ]
  },
  {
    "platform" : "DESKTOP",
    "searchTime" : "2020-10-30T08:20:35.803Z[UTC]",
    "searchQuery" : "playlists",
    "searchInteractionURIs" : [
      "spotify:playlist:0WjvP1GLytqMXyMXgTuEOO"
    ]
  },
  {
    "platform" : "DESKTOP",
    "searchTime" : "2020-10-31T06:23:24.733Z[UTC]",
    "searchQuery" : "indonesia",
    "searchInteractionURIs" : [
      "spotify:album:6AyHzXuIJaWVEhFAf6Z9u3",
      "spotify:playlist:0YwsIE2snT3jzhdojbvibe"
    ]
  },
  {
    "platform" : "DESKTOP",
    "searchTime" : "2020-10-31T09:39:47.390Z[UTC]",
    "searchQuery" : "stand up for",
    "searchInteractionURIs" : [
      "spotify:track:1uZ4bE4uiUbpdkTFT7BhZB"
    ]
  },
  {
    "platform" : "DESKTOP",
    "searchTime" : "2020-10-31T11:43:16.195Z[UTC]",
    "searchQuery" : "stand up for",
    "searchInteractionURIs" : [
    ]
  },
  {
    "platform" : "DESKTOP",
    "searchTime" : "2020-10-31T11:52:54.387Z[UTC]",
    "searchQuery" : "whitney houston",
    "searchInteractionURIs" : [
    ]
  },
  {
    "platform" : "DESKTOP",
    "searchTime" : "2020-10-31T15:15:24.704Z[UTC]",
    "searchQuery" : "whitney houston",
    "searchInteractionURIs" : [
    ]
  },
  {
    "platform" : "DESKTOP",
    "searchTime" : "2020-11-01T06:49:44.816Z[UTC]",
    "searchQuery" : "woman in data science",
    "searchInteractionURIs" : [
    ]
  },
  {
    "platform" : "DESKTOP",
    "searchTime" : "2020-11-01T07:18:36.789Z[UTC]",
    "searchQuery" : "whitney houston",
    "searchInteractionURIs" : [
      "spotify:playlist:6Xewjr3pDWkf6QYNPwR81C"
    ]
  },
  {
    "platform" : "DESKTOP",
    "searchTime" : "2020-11-01T12:55:38.882Z[UTC]",
    "searchQuery" : "g",
    "searchInteractionURIs" : [
    ]
  },
  {
    "platform" : "DESKTOP",
    "searchTime" : "2020-11-01T12:56:31.625Z[UTC]",
    "searchQuery" : "gms live tenang",
    "searchInteractionURIs" : [
      "spotify:track:4torQW1pwxJOd8zVjMfErJ"
    ]
  },
  {
    "platform" : "DESKTOP",
    "searchTime" : "2020-11-02T12:54:46.558Z[UTC]",
    "searchQuery" : " ",
    "searchInteractionURIs" : [
    ]
  },
  {
    "platform" : "DESKTOP",
    "searchTime" : "2020-11-02T16:54:06.066Z[UTC]",
    "searchQuery" : " ",
    "searchInteractionURIs" : [
    ]
  },
  {
    "platform" : "DESKTOP",
    "searchTime" : "2020-11-03T10:08:57.328Z[UTC]",
    "searchQuery" : "sampai kapan",
    "searchInteractionURIs" : [
      "spotify:track:1zuPLNlCld1Iowwnyc6aqz"
    ]
  },
  {
    "platform" : "DESKTOP",
    "searchTime" : "2020-11-03T10:09:14.729Z[UTC]",
    "searchQuery" : "agsei",
    "searchInteractionURIs" : [
      "spotify:artist:3HB7NpAUWsKvbuw0MQiR53"
    ]
  },
  {
    "platform" : "DESKTOP",
    "searchTime" : "2020-11-03T10:12:11.634Z[UTC]",
    "searchQuery" : "yovie widianto",
    "searchInteractionURIs" : [
      "spotify:artist:7Ln5yumFjHCkeZ8bAzHUcp",
      "spotify:playlist:37i9dQZF1EFRGXwMw7sWxX"
    ]
  },
  {
    "platform" : "DESKTOP",
    "searchTime" : "2020-11-04T02:24:52.074Z[UTC]",
    "searchQuery" : "tiara andini",
    "searchInteractionURIs" : [
      "spotify:artist:0kPb52ySN2k9P6wEZPTUzm"
    ]
  },
  {
    "platform" : "DESKTOP",
    "searchTime" : "2020-11-04T03:39:27.212Z[UTC]",
    "searchQuery" : "tiara andini",
    "searchInteractionURIs" : [
      "spotify:track:5GPODE3lCPRx3aYcl0UaiJ",
      "spotify:playlist:37i9dQZF1DXa2EiKmMLhFD",
      "spotify:playlist:37i9dQZF1DX9U5XaCM7ssr",
      "spotify:playlist:37i9dQZF1DWZxM58TRkuqg"
    ]
  },
  {
    "platform" : "DESKTOP",
    "searchTime" : "2020-11-04T03:40:52.139Z[UTC]",
    "searchQuery" : "lyodra",
    "searchInteractionURIs" : [
      "spotify:playlist:37i9dQZF1DXaokDaMlNwPI",
      "spotify:playlist:37i9dQZF1E4CZHcFfxitQd",
      "spotify:playlist:37i9dQZF1DX7sD2LU79ZzQ",
      "spotify:playlist:1K03Dn9WYgC2RFBzHUTfzw",
      "spotify:playlist:4NQgVmL2VDDas1GFZhwvAw",
      "spotify:search:lyodra:playlists",
      "spotify:artist:6Sv2jkzH9sWQjwghW5ArMG"
    ]
  },
  {
    "platform" : "DESKTOP",
    "searchTime" : "2020-11-04T04:39:03.371Z[UTC]",
    "searchQuery" : "lyodra",
    "searchInteractionURIs" : [
    ]
  },
  {
    "platform" : "DESKTOP",
    "searchTime" : "2020-11-04T05:52:37.389Z[UTC]",
    "searchQuery" : "ga",
    "searchInteractionURIs" : [
      "spotify:playlist:3LEdKcEc5bAwrr0q5J27st"
    ]
  },
  {
    "platform" : "DESKTOP",
    "searchTime" : "2020-11-04T05:52:38.339Z[UTC]",
    "searchQuery" : "gamaliel",
    "searchInteractionURIs" : [
      "spotify:artist:6S8UGUSbJxRdJHtWAlsTD0"
    ]
  },
  {
    "platform" : "DESKTOP",
    "searchTime" : "2020-11-04T05:53:07.199Z[UTC]",
    "searchQuery" : "gac",
    "searchInteractionURIs" : [
    ]
  },
  {
    "platform" : "DESKTOP",
    "searchTime" : "2020-11-04T06:04:26.721Z[UTC]",
    "searchQuery" : "ga",
    "searchInteractionURIs" : [
    ]
  },
  {
    "platform" : "DESKTOP",
    "searchTime" : "2020-11-04T06:31:40.923Z[UTC]",
    "searchQuery" : "ga",
    "searchInteractionURIs" : [
    ]
  },
  {
    "platform" : "DESKTOP",
    "searchTime" : "2020-11-04T06:48:32.416Z[UTC]",
    "searchQuery" : "ga",
    "searchInteractionURIs" : [
    ]
  },
  {
    "platform" : "DESKTOP",
    "searchTime" : "2020-11-04T07:48:27.443Z[UTC]",
    "searchQuery" : "beat",
    "searchInteractionURIs" : [
      "spotify:playlist:37i9dQZF1DWWQRwui0ExPn",
      "spotify:search:beat:playlists"
    ]
  },
  {
    "platform" : "DESKTOP",
    "searchTime" : "2020-11-04T07:52:26.909Z[UTC]",
    "searchQuery" : "dj beat",
    "searchInteractionURIs" : [
      "spotify:search:dj%20beat:playlists"
    ]
  },
  {
    "platform" : "DESKTOP",
    "searchTime" : "2020-11-04T07:52:40.771Z[UTC]",
    "searchQuery" : "edm beat",
    "searchInteractionURIs" : [
      "spotify:search:edm%20beat:playlists"
    ]
  },
  {
    "platform" : "DESKTOP",
    "searchTime" : "2020-11-04T07:53:39.534Z[UTC]",
    "searchQuery" : "edm",
    "searchInteractionURIs" : [
      "spotify:playlist:3Di88mvYplBtkDBIzGLiiM",
      "spotify:playlist:3Di88mvYplBtkDBIzGLiiM"
    ]
  },
  {
    "platform" : "DESKTOP",
    "searchTime" : "2020-11-04T08:23:12.518Z[UTC]",
    "searchQuery" : "edm",
    "searchInteractionURIs" : [
      "spotify:track:2qqTvYWvr4BYsRXzNfsr7D",
      "spotify:track:2qqTvYWvr4BYsRXzNfsr7D"
    ]
  },
  {
    "platform" : "DESKTOP",
    "searchTime" : "2020-11-04T09:19:35.977Z[UTC]",
    "searchQuery" : "mantan teman",
    "searchInteractionURIs" : [
      "spotify:track:6x9CMzmSQzuFkwR0tfr9Cq"
    ]
  },
  {
    "platform" : "DESKTOP",
    "searchTime" : "2020-11-04T09:51:59.025Z[UTC]",
    "searchQuery" : "coding",
    "searchInteractionURIs" : [
      "spotify:playlist:15ngsvOmlTkARCg7ipoNvG",
      "spotify:track:5P6O2bV6iNTIxsorJX2k9h",
      "spotify:search:coding:playlists"
    ]
  },
  {
    "platform" : "DESKTOP",
    "searchTime" : "2020-11-04T10:15:23.182Z[UTC]",
    "searchQuery" : "coding",
    "searchInteractionURIs" : [
      "spotify:playlist:15ngsvOmlTkARCg7ipoNvG"
    ]
  },
  {
    "platform" : "DESKTOP",
    "searchTime" : "2020-11-04T10:59:02.842Z[UTC]",
    "searchQuery" : "adu rayu",
    "searchInteractionURIs" : [
      "spotify:track:3FcCAFQj4bLpfxo8gj1kk9"
    ]
  },
  {
    "platform" : "DESKTOP",
    "searchTime" : "2020-11-05T03:50:57.373Z[UTC]",
    "searchQuery" : "stand up for love",
    "searchInteractionURIs" : [
      "spotify:track:1uZ4bE4uiUbpdkTFT7BhZB"
    ]
  },
  {
    "platform" : "DESKTOP",
    "searchTime" : "2020-11-05T04:15:17.095Z[UTC]",
    "searchQuery" : "hits 90",
    "searchInteractionURIs" : [
      "spotify:track:2YIlty88D1WPv7iI6pNEH4"
    ]
  },
  {
    "platform" : "DESKTOP",
    "searchTime" : "2020-11-05T04:31:46.130Z[UTC]",
    "searchQuery" : "90",
    "searchInteractionURIs" : [
      "spotify:playlist:37i9dQZF1DXbTxeAdrVG2l"
    ]
  },
  {
    "platform" : "DESKTOP",
    "searchTime" : "2020-11-05T05:16:27.103Z[UTC]",
    "searchQuery" : "90",
    "searchInteractionURIs" : [
    ]
  },
  {
    "platform" : "DESKTOP",
    "searchTime" : "2020-11-05T05:16:28.829Z[UTC]",
    "searchQuery" : "disney",
    "searchInteractionURIs" : [
      "spotify:playlist:37i9dQZF1DX7fSR8DYMKM2"
    ]
  },
  {
    "platform" : "DESKTOP",
    "searchTime" : "2020-11-05T05:16:50.641Z[UTC]",
    "searchQuery" : "raisa disney",
    "searchInteractionURIs" : [
      "spotify:track:7cDWrrKN0ZD5EAU3LoXAGI"
    ]
  },
  {
    "platform" : "DESKTOP",
    "searchTime" : "2020-11-06T01:35:09.869Z[UTC]",
    "searchQuery" : "enzy storia",
    "searchInteractionURIs" : [
    ]
  },
  {
    "platform" : "DESKTOP",
    "searchTime" : "2020-11-06T03:04:36.127Z[UTC]",
    "searchQuery" : "spotify",
    "searchInteractionURIs" : [
      "spotify:user:spotify"
    ]
  },
  {
    "platform" : "DESKTOP",
    "searchTime" : "2020-11-06T08:00:38.147Z[UTC]",
    "searchQuery" : "lion king",
    "searchInteractionURIs" : [
      "spotify:album:7e8y48Z2fkJNGBOKSECCeS"
    ]
  },
  {
    "platform" : "DESKTOP",
    "searchTime" : "2020-11-06T08:26:31.223Z[UTC]",
    "searchQuery" : "lion king",
    "searchInteractionURIs" : [
    ]
  },
  {
    "platform" : "DESKTOP",
    "searchTime" : "2020-11-06T08:36:37.052Z[UTC]",
    "searchQuery" : "whitney",
    "searchInteractionURIs" : [
      "spotify:playlist:37i9dQZF1DWXqpDKK4ed9O"
    ]
  },
  {
    "platform" : "DESKTOP",
    "searchTime" : "2020-11-06T08:44:33.887Z[UTC]",
    "searchQuery" : "love",
    "searchInteractionURIs" : [
      "spotify:playlist:37i9dQZF1DWYMvTygsLWlG"
    ]
  },
  {
    "platform" : "DESKTOP",
    "searchTime" : "2020-11-07T02:36:19.398Z[UTC]",
    "searchQuery" : "weekend",
    "searchInteractionURIs" : [
      "spotify:search:weekend:playlists"
    ]
  },
  {
    "platform" : "DESKTOP",
    "searchTime" : "2020-11-09T01:37:11.753Z[UTC]",
    "searchQuery" : "masih rossa",
    "searchInteractionURIs" : [
      "spotify:track:2X3SjXtga1hRUopyX7IDWO"
    ]
  },
  {
    "platform" : "DESKTOP",
    "searchTime" : "2020-11-10T06:42:46.079Z[UTC]",
    "searchQuery" : "coding",
    "searchInteractionURIs" : [
      "spotify:playlist:15ngsvOmlTkARCg7ipoNvG"
    ]
  },
  {
    "platform" : "DESKTOP",
    "searchTime" : "2020-11-10T08:31:33.233Z[UTC]",
    "searchQuery" : "rapsodi",
    "searchInteractionURIs" : [
      "spotify:track:0WwLkbYBjwPYoEKegzOYVu"
    ]
  },
  {
    "platform" : "DESKTOP",
    "searchTime" : "2020-11-10T08:35:57.105Z[UTC]",
    "searchQuery" : "laleilmanino",
    "searchInteractionURIs" : [
      "spotify:playlist:2NQWG752tZXqYsdlvFEzGN"
    ]
  },
  {
    "platform" : "DESKTOP",
    "searchTime" : "2020-11-11T02:03:22.400Z[UTC]",
    "searchQuery" : "pergilah",
    "searchInteractionURIs" : [
      "spotify:track:2nEEjT3T0uU3jQ8lsi87vc"
    ]
  },
  {
    "platform" : "DESKTOP",
    "searchTime" : "2020-11-11T02:17:07.294Z[UTC]",
    "searchQuery" : "citra ",
    "searchInteractionURIs" : [
      "spotify:artist:1jWIP5sLhDZttQeR0mPffn"
    ]
  },
  {
    "platform" : "DESKTOP",
    "searchTime" : "2020-11-11T02:17:22.950Z[UTC]",
    "searchQuery" : "kamasean",
    "searchInteractionURIs" : [
      "spotify:artist:2XDX1xTJe4s9qTPm6of6IN"
    ]
  },
  {
    "platform" : "DESKTOP",
    "searchTime" : "2020-11-11T02:18:00.504Z[UTC]",
    "searchQuery" : "kamasean rindu mengenalmu",
    "searchInteractionURIs" : [
    ]
  },
  {
    "platform" : "DESKTOP",
    "searchTime" : "2020-11-11T04:52:30.257Z[UTC]",
    "searchQuery" : "kamasean rindu mengenalmu",
    "searchInteractionURIs" : [
    ]
  },
  {
    "platform" : "DESKTOP",
    "searchTime" : "2020-11-11T04:52:52.112Z[UTC]",
    "searchQuery" : "surat cinta untuk starla",
    "searchInteractionURIs" : [
      "spotify:track:5o6StwqqVfG3vRLx8UP310"
    ]
  },
  {
    "platform" : "DESKTOP",
    "searchTime" : "2020-11-11T07:12:34.861Z[UTC]",
    "searchQuery" : "hivi",
    "searchInteractionURIs" : [
      "spotify:artist:4ubEZ6sMsrrbQChueyouCC"
    ]
  },
  {
    "platform" : "DESKTOP",
    "searchTime" : "2020-11-13T05:37:37.726Z[UTC]",
    "searchQuery" : "nathan sykes",
    "searchInteractionURIs" : [
      "spotify:artist:2Rf4X6m0oayCJhaJ5K63GQ"
    ]
  },
  {
    "platform" : "DESKTOP",
    "searchTime" : "2020-11-13T05:39:22.347Z[UTC]",
    "searchQuery" : "over and over again",
    "searchInteractionURIs" : [
      "spotify:track:0Vz6Q8wYsLFBhVistdn9Zs"
    ]
  },
  {
    "platform" : "DESKTOP",
    "searchTime" : "2020-11-13T07:07:49.058Z[UTC]",
    "searchQuery" : "vidi pj",
    "searchInteractionURIs" : [
      "spotify:album:3MmEdPluU152jAt54TAuKa"
    ]
  },
  {
    "platform" : "DESKTOP",
    "searchTime" : "2020-11-13T07:24:43.514Z[UTC]",
    "searchQuery" : "vidi pj",
    "searchInteractionURIs" : [
    ]
  },
  {
    "platform" : "DESKTOP",
    "searchTime" : "2020-11-13T07:39:28.826Z[UTC]",
    "searchQuery" : "hivi",
    "searchInteractionURIs" : [
      "spotify:playlist:37i9dQZF1DZ06evO2CUGQc",
      "spotify:artist:4ubEZ6sMsrrbQChueyouCC"
    ]
  },
  {
    "platform" : "ANDROID_ARM",
    "searchTime" : "2020-11-13T13:47:42.262Z[UTC]",
    "searchQuery" : "bossa",
    "searchInteractionURIs" : [
      "spotify:album:2towbkhxHCPKLsyQuealHv",
      ""
    ]
  },
  {
    "platform" : "DESKTOP",
    "searchTime" : "2020-11-16T01:27:34.762Z[UTC]",
    "searchQuery" : "keisya",
    "searchInteractionURIs" : [
      "spotify:track:18FWPrC6EO02vBKI29F1N9"
    ]
  },
  {
    "platform" : "DESKTOP",
    "searchTime" : "2020-11-16T03:33:47.218Z[UTC]",
    "searchQuery" : "glenn pada satu cinta",
    "searchInteractionURIs" : [
      "spotify:track:3OSQERQZ9WFocpiXZUXAnK"
    ]
  },
  {
    "platform" : "DESKTOP",
    "searchTime" : "2020-11-16T04:38:11.848Z[UTC]",
    "searchQuery" : "yovie widianto",
    "searchInteractionURIs" : [
      "spotify:playlist:37i9dQZF1EFRGXwMw7sWxX",
      "spotify:playlist:37i9dQZF1EFRGXwMw7sWxX"
    ]
  },
  {
    "platform" : "DESKTOP",
    "searchTime" : "2020-11-16T07:04:42.294Z[UTC]",
    "searchQuery" : "reza a",
    "searchInteractionURIs" : [
      "spotify:artist:6ZKqWNmLTzV5kMwIh3VeVF"
    ]
  },
  {
    "platform" : "DESKTOP",
    "searchTime" : "2020-11-16T08:01:11.622Z[UTC]",
    "searchQuery" : "suratku",
    "searchInteractionURIs" : [
      "spotify:track:04ZIjbrLCQ8guwBSwYQqAE"
    ]
  },
  {
    "platform" : "DESKTOP",
    "searchTime" : "2020-11-16T08:07:31.969Z[UTC]",
    "searchQuery" : "yovie widianto",
    "searchInteractionURIs" : [
    ]
  },
  {
    "platform" : "DESKTOP",
    "searchTime" : "2020-11-16T09:52:35.562Z[UTC]",
    "searchQuery" : "yovie widianto",
    "searchInteractionURIs" : [
      "spotify:playlist:37i9dQZF1EFRGXwMw7sWxX"
    ]
  },
  {
    "platform" : "DESKTOP",
    "searchTime" : "2020-11-16T09:59:23.792Z[UTC]",
    "searchQuery" : "yovie widianto",
    "searchInteractionURIs" : [
      "",
      "spotify:playlist:37i9dQZF1EFRGXwMw7sWxX"
    ]
  },
  {
    "platform" : "DESKTOP",
    "searchTime" : "2020-11-16T10:10:40.810Z[UTC]",
    "searchQuery" : "yovie widianto",
    "searchInteractionURIs" : [
      "spotify:playlist:37i9dQZF1EFRGXwMw7sWxX"
    ]
  },
  {
    "platform" : "DESKTOP",
    "searchTime" : "2020-11-16T13:44:19.661Z[UTC]",
    "searchQuery" : "stand up for",
    "searchInteractionURIs" : [
      "spotify:track:1uZ4bE4uiUbpdkTFT7BhZB"
    ]
  },
  {
    "platform" : "DESKTOP",
    "searchTime" : "2020-11-17T05:15:52.075Z[UTC]",
    "searchQuery" : "yovie widianto",
    "searchInteractionURIs" : [
      "spotify:playlist:37i9dQZF1EFRGXwMw7sWxX"
    ]
  },
  {
    "platform" : "DESKTOP",
    "searchTime" : "2020-11-17T10:44:00.274Z[UTC]",
    "searchQuery" : "hivi",
    "searchInteractionURIs" : [
      "spotify:album:3GXsFGyViN6r1JYvuHYYSG"
    ]
  },
  {
    "platform" : "DESKTOP",
    "searchTime" : "2020-11-18T04:09:54.185Z[UTC]",
    "searchQuery" : "since i found you",
    "searchInteractionURIs" : [
      "spotify:track:3mLz6KdTO8pcVp5znx9m5G"
    ]
  },
  {
    "platform" : "DESKTOP",
    "searchTime" : "2020-11-18T04:13:48.792Z[UTC]",
    "searchQuery" : "christian bautista ",
    "searchInteractionURIs" : [
      "spotify:track:3sYWgSEZgZMXNQZ4rz3RKc"
    ]
  },
  {
    "platform" : "DESKTOP",
    "searchTime" : "2020-11-18T04:21:59.489Z[UTC]",
    "searchQuery" : "cinta kita reza ",
    "searchInteractionURIs" : [
      "spotify:track:1mhaAsxjucUPmI2uMV3Hwa"
    ]
  },
  {
    "platform" : "DESKTOP",
    "searchTime" : "2020-11-18T04:27:35.891Z[UTC]",
    "searchQuery" : "whitney",
    "searchInteractionURIs" : [
      "spotify:playlist:37i9dQZF1DX9loJQLuEvap"
    ]
  },
  {
    "platform" : "DESKTOP",
    "searchTime" : "2020-11-19T07:43:47.170Z[UTC]",
    "searchQuery" : "after all",
    "searchInteractionURIs" : [
      "spotify:track:5g5EdgkfKVUceOTJtm0Kel"
    ]
  },
  {
    "platform" : "DESKTOP",
    "searchTime" : "2020-11-19T07:48:39.517Z[UTC]",
    "searchQuery" : "wedding",
    "searchInteractionURIs" : [
      "",
      "spotify:playlist:43eWkIiNDbimyD35iong1G",
      "spotify:playlist:43eWkIiNDbimyD35iong1G",
      "spotify:playlist:43eWkIiNDbimyD35iong1G"
    ]
  },
  {
    "platform" : "DESKTOP",
    "searchTime" : "2020-11-19T07:59:22.889Z[UTC]",
    "searchQuery" : "overjoyed ",
    "searchInteractionURIs" : [
      "spotify:track:2lnQcP5hr4RKR63TFvnI4k"
    ]
  },
  {
    "platform" : "DESKTOP",
    "searchTime" : "2020-11-19T08:08:38.166Z[UTC]",
    "searchQuery" : "raisa ",
    "searchInteractionURIs" : [
      "spotify:artist:5OZXWMwDhlYBRvoOfcX0sk"
    ]
  },
  {
    "platform" : "DESKTOP",
    "searchTime" : "2020-11-19T08:09:59.095Z[UTC]",
    "searchQuery" : "RAN ",
    "searchInteractionURIs" : [
      "spotify:playlist:37i9dQZF1DX7GKcSeUc2a3"
    ]
  },
  {
    "platform" : "DESKTOP",
    "searchTime" : "2020-11-19T08:13:04.123Z[UTC]",
    "searchQuery" : "hiv ",
    "searchInteractionURIs" : [
      "spotify:playlist:37i9dQZF1DZ06evO2CUGQc",
      "spotify:artist:4ubEZ6sMsrrbQChueyouCC"
    ]
  },
  {
    "platform" : "DESKTOP",
    "searchTime" : "2020-11-19T08:26:06.954Z[UTC]",
    "searchQuery" : "yura",
    "searchInteractionURIs" : [
      "spotify:artist:02Tq76MwpeoRu3BHIAiaio"
    ]
  },
  {
    "platform" : "DESKTOP",
    "searchTime" : "2020-11-19T08:26:47.486Z[UTC]",
    "searchQuery" : "reflection",
    "searchInteractionURIs" : [
      "spotify:track:5Y1id2NTv2M7x2g2V2q1Sz"
    ]
  },
  {
    "platform" : "DESKTOP",
    "searchTime" : "2020-11-20T03:09:16.503Z[UTC]",
    "searchQuery" : "gmb di setiap langkahku",
    "searchInteractionURIs" : [
    ]
  },
  {
    "platform" : "DESKTOP",
    "searchTime" : "2020-11-20T08:18:12.135Z[UTC]",
    "searchQuery" : "mungkin hari ini es",
    "searchInteractionURIs" : [
      "spotify:track:7n5nvulc1oW1ErpeTrNezI"
    ]
  },
  {
    "platform" : "DESKTOP",
    "searchTime" : "2020-11-20T08:26:38.741Z[UTC]",
    "searchQuery" : "mungkin hari ini es",
    "searchInteractionURIs" : [
    ]
  },
  {
    "platform" : "DESKTOP",
    "searchTime" : "2020-11-20T08:48:09.753Z[UTC]",
    "searchQuery" : "budi ",
    "searchInteractionURIs" : [
    ]
  },
  {
    "platform" : "DESKTOP",
    "searchTime" : "2020-11-20T08:48:13.053Z[UTC]",
    "searchQuery" : "melukis senja",
    "searchInteractionURIs" : [
      "spotify:track:0ZEYRVISCaqz5yamWZWzaA",
      "spotify:track:0ZEYRVISCaqz5yamWZWzaA"
    ]
  },
  {
    "platform" : "DESKTOP",
    "searchTime" : "2020-11-20T08:54:58.419Z[UTC]",
    "searchQuery" : "yura y",
    "searchInteractionURIs" : [
      "spotify:artist:02Tq76MwpeoRu3BHIAiaio"
    ]
  },
  {
    "platform" : "DESKTOP",
    "searchTime" : "2020-11-20T08:54:59.674Z[UTC]",
    "searchQuery" : "yura yunita",
    "searchInteractionURIs" : [
      "spotify:playlist:37i9dQZF1DX7fSR8DYMKM2"
    ]
  },
  {
    "platform" : "ANDROID_ARM",
    "searchTime" : "2020-11-21T04:10:25.033Z[UTC]",
    "searchQuery" : "reflection",
    "searchInteractionURIs" : [
      "spotify:track:1H5tV0SkvBqxGllQ3HEVSy"
    ]
  },
  {
    "platform" : "DESKTOP",
    "searchTime" : "2020-11-22T05:09:24.726Z[UTC]",
    "searchQuery" : "bintang bintang",
    "searchInteractionURIs" : [
      "spotify:track:3wd1VV5lk8SxJjYLJ6egIc"
    ]
  },
  {
    "platform" : "DESKTOP",
    "searchTime" : "2020-11-22T05:10:02.203Z[UTC]",
    "searchQuery" : "bintang bintang titi dj",
    "searchInteractionURIs" : [
    ]
  },
  {
    "platform" : "DESKTOP",
    "searchTime" : "2020-11-22T07:37:51.109Z[UTC]",
    "searchQuery" : "guruh soek",
    "searchInteractionURIs" : [
      "spotify:artist:5twjvYsFZap4QeQr1yiXmg"
    ]
  },
  {
    "platform" : "DESKTOP",
    "searchTime" : "2020-11-22T14:32:18.777Z[UTC]",
    "searchQuery" : "glenn sekali ini saja",
    "searchInteractionURIs" : [
      "spotify:track:1GmIlN8URkjZxtV99zKlBk"
    ]
  },
  {
    "platform" : "DESKTOP",
    "searchTime" : "2020-11-22T14:45:30.596Z[UTC]",
    "searchQuery" : "rossa terlalu cinta",
    "searchInteractionURIs" : [
      "spotify:track:6I9rJKR6WPRir6XoAaaJvH"
    ]
  },
  {
    "platform" : "DESKTOP",
    "searchTime" : "2020-11-23T06:53:51.375Z[UTC]",
    "searchQuery" : "karaoke",
    "searchInteractionURIs" : [
    ]
  },
  {
    "platform" : "DESKTOP",
    "searchTime" : "2020-11-23T06:53:52.831Z[UTC]",
    "searchQuery" : "sing",
    "searchInteractionURIs" : [
      "spotify:album:1K2Dd9iqt3uU2iOcJchGu5"
    ]
  },
  {
    "platform" : "DESKTOP",
    "searchTime" : "2020-11-24T01:48:00.102Z[UTC]",
    "searchQuery" : "gita gutawa",
    "searchInteractionURIs" : [
      "spotify:artist:4V1Io5SwSO4CwaUbgLMYvz"
    ]
  },
  {
    "platform" : "DESKTOP",
    "searchTime" : "2020-11-24T01:48:44.728Z[UTC]",
    "searchQuery" : "ada band",
    "searchInteractionURIs" : [
      "spotify:artist:2owBL6a90fnWufVtP70K8f"
    ]
  },
  {
    "platform" : "DESKTOP",
    "searchTime" : "2020-11-24T02:17:53.968Z[UTC]",
    "searchQuery" : "bukan cinta biasa",
    "searchInteractionURIs" : [
      "spotify:track:4arXMX7u6GSz4EJG92db1F",
      "spotify:track:4arXMX7u6GSz4EJG92db1F"
    ]
  },
  {
    "platform" : "DESKTOP",
    "searchTime" : "2020-11-24T03:10:26.608Z[UTC]",
    "searchQuery" : "be still",
    "searchInteractionURIs" : [
      "spotify:track:1LnhZGHXR4RJowuNz3wb1L",
      "spotify:artist:3SgHzT552wy2W8pNLaLk24"
    ]
  },
  {
    "platform" : "DESKTOP",
    "searchTime" : "2020-11-24T03:55:10.642Z[UTC]",
    "searchQuery" : "zivamagnolyaa",
    "searchInteractionURIs" : [
      "spotify:user:zivamagnolyaaa"
    ]
  },
  {
    "platform" : "DESKTOP",
    "searchTime" : "2020-11-25T02:49:11.397Z[UTC]",
    "searchQuery" : "best part",
    "searchInteractionURIs" : [
      "spotify:track:1RMJOxR6GRPsBHL8qeC2ux"
    ]
  },
  {
    "platform" : "DESKTOP",
    "searchTime" : "2020-11-25T04:24:20.143Z[UTC]",
    "searchQuery" : "zivamagnolyaa",
    "searchInteractionURIs" : [
      "spotify:user:zivamagnolyaaa"
    ]
  },
  {
    "platform" : "DESKTOP",
    "searchTime" : "2020-11-25T11:28:13.332Z[UTC]",
    "searchQuery" : "ami awards",
    "searchInteractionURIs" : [
      "spotify:playlist:4rRuh5yBl8qsE7NV4SX2oP"
    ]
  },
  {
    "platform" : "DESKTOP",
    "searchTime" : "2020-11-26T08:28:02.327Z[UTC]",
    "searchQuery" : "coding",
    "searchInteractionURIs" : [
      "spotify:track:5P6O2bV6iNTIxsorJX2k9h"
    ]
  },
  {
    "platform" : "DESKTOP",
    "searchTime" : "2020-11-26T08:28:19.119Z[UTC]",
    "searchQuery" : "jazz bossanova",
    "searchInteractionURIs" : [
    ]
  },
  {
    "platform" : "DESKTOP",
    "searchTime" : "2020-11-26T11:42:17.669Z[UTC]",
    "searchQuery" : "reza artamevia",
    "searchInteractionURIs" : [
      "spotify:track:1mhaAsxjucUPmI2uMV3Hwa"
    ]
  },
  {
    "platform" : "ANDROID_ARM",
    "searchTime" : "2020-11-26T14:07:45.974Z[UTC]",
    "searchQuery" : "butterfly raisa",
    "searchInteractionURIs" : [
      "spotify:track:0HCGO6RlvWVSpyY44nRCnx"
    ]
  }
]