{
  "tracks": [
    {
      "artist": "TheOvertunes",
      "album": "I Still Love You (Acoustic Version)",
      "track": "I Still Love You (Acoustic Version)"
    },
    {
      "artist": "Jonas Brothers",
      "album": "What A Man Gotta Do",
      "track": "What A Man Gotta Do"
    },
    {
      "artist": "Post Malone",
      "album": "Hollywood's Bleeding",
      "track": "Circles"
    },
    {
      "artist": "Rita Ora",
      "album": "Poison",
      "track": "Poison"
    },
    {
      "artist": "Jack & Jack",
      "album": "A Good Friend Is Nice",
      "track": "No One Compares To You"
    },
    {
      "artist": "Lauv",
      "album": "Sad Forever",
      "track": "Sad Forever"
    },
    {
      "artist": "Charlie Puth",
      "album": "Voicenotes",
      "track": "Patient"
    },
    {
      "artist": "Lyodra",
      "album": "Mengapa Kita #terlanjurmencinta",
      "track": "Mengapa Kita #terlanjurmencinta"
    },
    {
      "artist": "Lauv",
      "album": "I met you when I was 18. (the playlist)",
      "track": "Paris in the Rain"
    },
    {
      "artist": "Shawn Mendes",
      "album": "Shawn Mendes",
      "track": "Lost In Japan"
    },
    {
      "artist": "Mike Perry",
      "album": "Bloodshot",
      "track": "Bloodshot"
    },
    {
      "artist": "Diskoria",
      "album": "Serenata Jiwa Lara",
      "track": "Serenata Jiwa Lara"
    },
    {
      "artist": "Sari Simorangkir",
      "album": "Yang Terbaik",
      "track": "Yang Terbaik"
    },
    {
      "artist": "Lauv",
      "album": "~how i'm feeling~",
      "track": "Drugs & The Internet"
    },
    {
      "artist": "Norah Jones",
      "album": "Come Away With Me",
      "track": "Don't Know Why"
    },
    {
      "artist": "Meghan Trainor",
      "album": "No Excuses",
      "track": "No Excuses"
    },
    {
      "artist": "Symphony Worship",
      "album": "New Hope",
      "track": "Kubersyukur Bapa"
    },
    {
      "artist": "RAN",
      "album": "Si Lemah",
      "track": "Si Lemah"
    },
    {
      "artist": "Lauv",
      "album": "~how i'm feeling~",
      "track": "Feelings"
    },
    {
      "artist": "Adikara Fardy",
      "album": "Secret Admirer",
      "track": "Secret Admirer"
    },
    {
      "artist": "Sidney Mohede",
      "album": "Louder Than Life (Live Recording Concert)",
      "track": "Kuterpaku - Live"
    },
    {
      "artist": "Marcell",
      "album": "And the Story Continues...",
      "track": "Peri Cintaku"
    },
    {
      "artist": "Meghan Trainor",
      "album": "Title",
      "track": "Dear Future Husband"
    },
    {
      "artist": "Lauv",
      "album": "~how i'm feeling~",
      "track": "Sims"
    },
    {
      "artist": "Bunga Citra Lestari",
      "album": "Karena Kita Bersama",
      "track": "Karena Kita Bersama - From \"Keluarga Cemara\""
    },
    {
      "artist": "Alessia Cara",
      "album": "Know-It-All",
      "track": "Scars To Your Beautiful"
    },
    {
      "artist": "Meghan Trainor",
      "album": "Better When I'm Dancin'",
      "track": "Better When I'm Dancin'"
    },
    {
      "artist": "Tori Kelly",
      "album": "Don't You Worry 'Bout A Thing",
      "track": "Don't You Worry 'Bout A Thing"
    },
    {
      "artist": "Shawn Mendes",
      "album": "Handwritten (Revisited)",
      "track": "Memories"
    },
    {
      "artist": "Sam Smith",
      "album": "Dancing With A Stranger (with Normani)",
      "track": "Dancing With A Stranger (with Normani)"
    },
    {
      "artist": "Raisa",
      "album": "You",
      "track": "You"
    },
    {
      "artist": "Tohpati",
      "album": "Forever",
      "track": "Ingin Ku Miliki"
    },
    {
      "artist": "Lauv",
      "album": "~how i'm feeling~",
      "track": "Mean It"
    },
    {
      "artist": "Sidney Mohede",
      "album": "Louder Than Life (Live Recording Concert)",
      "track": "Kupercaya - Live"
    },
    {
      "artist": "Maroon 5",
      "album": "Memories",
      "track": "Memories"
    },
    {
      "artist": "Tulus",
      "album": "Monokrom",
      "track": "Manusia Kuat"
    },
    {
      "artist": "VAX",
      "album": "Bleeding Love",
      "track": "Bleeding Love"
    },
    {
      "artist": "Sidney Mohede",
      "album": "It'S Time For Change",
      "track": "It'S Time For Change"
    },
    {
      "artist": "Backstreet Boys",
      "album": "Millennium",
      "track": "I Want It That Way"
    },
    {
      "artist": "Tohpati",
      "album": "Forever",
      "track": "Kahyangan"
    },
    {
      "artist": "Natasha Midori",
      "album": "Thank You Jesus",
      "track": "Still"
    },
    {
      "artist": "Christian Bautista",
      "album": "Completely",
      "track": "Since I Found You"
    },
    {
      "artist": "Janet Jackson",
      "album": "The Velvet Rope",
      "track": "Together Again"
    },
    {
      "artist": "MNEK",
      "album": "Colour",
      "track": "Colour"
    },
    {
      "artist": "Billy Eichner",
      "album": "The Lion King",
      "track": "Hakuna Matata"
    },
    {
      "artist": "Beyoncé",
      "album": "The Lion King",
      "track": "Can You Feel the Love Tonight"
    },
    {
      "artist": "The Big Bossa",
      "album": "Bossanova Dinner",
      "track": "It's a Shame"
    },
    {
      "artist": "Pasto",
      "album": "The Best Of Pasto",
      "track": "Tanya Hati"
    },
    {
      "artist": "Sam Smith",
      "album": "How Do You Sleep?",
      "track": "How Do You Sleep?"
    },
    {
      "artist": "Redafs",
      "album": "Wonderful Indonesia Modern Gamelan",
      "track": "Wonderful Indonesia Modern Gamelan"
    },
    {
      "artist": "Shawn Mendes",
      "album": "Shawn Mendes",
      "track": "Queen"
    },
    {
      "artist": "D'Cinnamons",
      "album": "OST Cintapuccino",
      "track": "Selamanya Cinta"
    },
    {
      "artist": "Redafs",
      "album": "Cinematic Balinese Gamelan",
      "track": "Cinematic Balinese Gamelan"
    },
    {
      "artist": "Weird Genius",
      "album": "LATHI (ꦭꦛꦶ)",
      "track": "LATHI (ꦭꦛꦶ)"
    },
    {
      "artist": "Dirly & Ghea",
      "album": "Kemenangan Hati",
      "track": "Kemenangan Hati"
    },
    {
      "artist": "David Archuleta",
      "album": "David Archuleta",
      "track": "Crush"
    },
    {
      "artist": "Lauv",
      "album": "~how i'm feeling~",
      "track": "Sad Forever"
    },
    {
      "artist": "Shane Filan",
      "album": "Love Always",
      "track": "Beautiful In White"
    },
    {
      "artist": "GAC (Gamaliél Audrey Cantika)",
      "album": "RESONANCE",
      "track": "Lagu Hari Ini"
    },
    {
      "artist": "I Gusti Sudarsana",
      "album": "Balinese Traditional Massage & Spa",
      "track": "Melody of Hope"
    },
    {
      "artist": "Lauv",
      "album": "I met you when I was 18. (the playlist)",
      "track": "I Like Me Better"
    },
    {
      "artist": "Lauv",
      "album": "I Like Me Better",
      "track": "I Like Me Better"
    },
    {
      "artist": "Adiva",
      "album": "Denganmu",
      "track": "Denganmu - Original Soundtrack Habibie & Ainun 3"
    },
    {
      "artist": "Tangga",
      "album": "Utuh",
      "track": "Cinta Tak Mungkin Berhenti"
    },
    {
      "artist": "Rita Ora",
      "album": "Anywhere",
      "track": "Anywhere"
    },
    {
      "artist": "Andy Grammer",
      "album": "Naive",
      "track": "Don't Give Up On Me - (From \"Five Feet Apart\")"
    },
    {
      "artist": "Lauv",
      "album": "fuck, i'm lonely",
      "track": "fuck, i'm lonely"
    },
    {
      "artist": "Shawn Mendes",
      "album": "Shawn Mendes",
      "track": "Mutual"
    },
    {
      "artist": "Khalid",
      "album": "Talk",
      "track": "Talk"
    },
    {
      "artist": "Wendy Marc",
      "album": "Sekali Cinta",
      "track": "Sekali Cinta"
    },
    {
      "artist": "JPCC Worship",
      "album": "Penyembah Yang Benar",
      "track": "Penyembah Yang Benar"
    },
    {
      "artist": "Lauv",
      "album": "~how i'm feeling~",
      "track": "i'm so tired..."
    },
    {
      "artist": "Lauv",
      "album": "Superhero",
      "track": "Superhero"
    },
    {
      "artist": "Meghan Trainor",
      "album": "Thank You",
      "track": "Me Too"
    },
    {
      "artist": "Shawn Mendes",
      "album": "Illuminate",
      "track": "Honest"
    },
    {
      "artist": "Anne-Marie",
      "album": "Speak Your Mind",
      "track": "2002"
    },
    {
      "artist": "Michael Learns To Rock",
      "album": "Colours",
      "track": "Sleeping Child - 2014 Remastered Version"
    },
    {
      "artist": "The Script",
      "album": "Rain",
      "track": "Rain"
    },
    {
      "artist": "The Groove",
      "album": "Kuingin",
      "track": "Satu Mimpiku"
    },
    {
      "artist": "Adikara Fardy",
      "album": "Pesona Cinta",
      "track": "Pesona Cinta"
    },
    {
      "artist": "Jonas Blue",
      "album": "Blue",
      "track": "Polaroid"
    },
    {
      "artist": "Tiara Andini",
      "album": "365",
      "track": "365"
    }
  ],
  "albums": [
    {
      "artist": "Hivi!",
      "album": "CERITERA"
    },
    {
      "artist": "Guruh Soekarno Putra",
      "album": "Pagelaran Karya Cipta 2"
    },
    {
      "artist": "Various Artists",
      "album": "Bossa Nova Lounge"
    },
    {
      "artist": "Lyodra",
      "album": "Tentang Kamu"
    },
    {
      "artist": "Sidney Mohede",
      "album": "Louder Than Life (Live Recording Concert)"
    },
    {
      "artist": "Anders Soldh",
      "album": "Helt Ny Varld (En) (A Whole New World) - Disney Favourites"
    },
    {
      "artist": "Tohpati",
      "album": "Forever"
    }
  ],
  "shows": [
    {
      "name": "#NgobrolinStartup",
      "publisher": "Dailysocial Podcast"
    },
    {
      "name": "BukaTalks",
      "publisher": "Bukalapak"
    },
    {
      "name": "Cold Call",
      "publisher": "HBR Presents / Brian Kenny"
    },
    {
      "name": "Craig Groeschel Leadership Podcast",
      "publisher": "Life.Church"
    },
    {
      "name": "Data Futurology - Leadership And Strategy in Artificial Intelligence, Machine Learning, Data Science",
      "publisher": "Felipe Flores"
    },
    {
      "name": "Data Skeptic",
      "publisher": "Kyle Polich"
    },
    {
      "name": "Data Talks",
      "publisher": "KBR Prime x Algoritma"
    },
    {
      "name": "DataFramed",
      "publisher": "DataCamp"
    },
    {
      "name": "DataPods",
      "publisher": "Data Science Indonesia"
    },
    {
      "name": "Dear HBR:",
      "publisher": "Harvard Business Review"
    },
    {
      "name": "Ellen May - Super Trader",
      "publisher": "Ellen May"
    },
    {
      "name": "Exponential View with Azeem Azhar",
      "publisher": "HBR Presents / Azeem Azhar"
    },
    {
      "name": "FML (Free Millennial Lessons)",
      "publisher": "John, Richard & Christy"
    },
    {
      "name": "From the Wizarding World: Journeys to Hogwarts and Harry Potter At Home: Readings",
      "publisher": "Wizarding World "
    },
    {
      "name": "GO FIGURE by Gojek",
      "publisher": "GOJEK"
    },
    {
      "name": "HBR IdeaCast",
      "publisher": "Harvard Business Review"
    },
    {
      "name": "Kartini Teknologi",
      "publisher": "Kartini Teknologi"
    },
    {
      "name": "Kode Nol",
      "publisher": "deep tech foundation"
    },
    {
      "name": "Lex Fridman Podcast",
      "publisher": "Lex Fridman"
    },
    {
      "name": "Linear Digressions",
      "publisher": "Ben Jaffe and Katie Malone"
    },
    {
      "name": "Machine Learning Guide",
      "publisher": "OCDevel LLC"
    },
    {
      "name": "Makna Talks",
      "publisher": "Makna Talks"
    },
    {
      "name": "Podcast Anak Startup",
      "publisher": "Vikra Ijas"
    },
    {
      "name": "STOCAST",
      "publisher": "Story Podcast"
    },
    {
      "name": "Secrets Of The Most Productive People",
      "publisher": "Fast Company"
    },
    {
      "name": "Software Daily",
      "publisher": "SoftwareDaily.com"
    },
    {
      "name": "TED Talks Daily",
      "publisher": "TED"
    },
    {
      "name": "Talks at Google",
      "publisher": "Talks at Google"
    },
    {
      "name": "The Creative Introvert",
      "publisher": "Cat Rose: The Creative Introvert"
    },
    {
      "name": "The John Maxwell Leadership Podcast",
      "publisher": "John C. Maxwell"
    },
    {
      "name": "The McKinsey Podcast",
      "publisher": "McKinsey & Company"
    },
    {
      "name": "The TWIML AI Podcast (formerly This Week in Machine Learning & Artificial Intelligence)",
      "publisher": "Sam Charrington"
    },
    {
      "name": "Towards Data Science",
      "publisher": "The TDS team "
    },
    {
      "name": "We Study Billionaires - The Investor’s Podcast Network",
      "publisher": "The Investor's Podcast Network"
    },
    {
      "name": "WorkLife with Adam Grant",
      "publisher": "TED"
    }
  ],
  "episodes": [
  ],
  "bannedTracks": [
  ],
  "other": [
  ]
}